"其他海外","","12"
"中国","","12"
"捷克","中欧,欧洲","12"
"丹麦","欧洲,欧美,欧美韩","12"
"芬兰","欧洲,欧美,欧美韩","12"
"法国","欧洲,欧美,欧美韩","12"
"德国","中欧,欧洲,欧美,欧美韩","12"
"希腊","欧洲","12"
"匈牙利","中欧,欧洲","12"
"意大利","欧洲","12"
"日本","日韩","12"
"韩国","日韩,欧美韩","12"
"荷兰","欧洲,欧美,欧美韩","12"
"波兰","中欧,欧洲","12"
"葡萄牙","欧洲,欧美,欧美韩","12"
"俄罗斯","欧洲","12"
"西班牙","欧洲,欧美,欧美韩","12"
"瑞典","欧洲,欧美,欧美韩","12"
"泰国","东南亚","12"
"英国","欧洲,欧美,欧美韩","12"
"美国","北美,欧美,欧美韩","12"
"北京市","一线城市,京津冀,北上广,北上广深,华北地区","12"
"东城区","","12"
"西城区","","12"
"北京市朝阳区","","12"
"丰台区","","12"
"石景山区","","12"
"海淀区","","12"
"门头沟区","","12"
"房山区","","12"
"北京市通州区","","12"
"顺义区","","12"
"昌平区","","12"
"大兴区","","12"
"怀柔区","","12"
"平谷区","","12"
"密云县","","12"
"延庆县","","12"
"天津市","京津冀,华北地区,新一线城市","12"
"天津市和平区","","12"
"天津市河东区","","12"
"河西区","","12"
"南开区","","12"
"河北区","","12"
"红桥区","","12"
"东丽区","","12"
"西青区","","12"
"津南区","","12"
"北辰区","","12"
"武清区","","12"
"宝坻区","","12"
"滨海新区","","12"
"宁河区","","12"
"静海区","","12"
"蓟县","","12"
"河北省","华北地区","12"
"石家庄市","二线城市,京津冀","12"
"石家庄市长安区","","12"
"石家庄市桥西区","","12"
"石家庄市新华区","","12"
"井陉矿区","","12"
"裕华区","","12"
"藁城区","","12"
"鹿泉区","","12"
"栾城区","","12"
"井陉县","","12"
"正定县","","12"
"行唐县","","12"
"灵寿县","","12"
"高邑县","","12"
"深泽县","","12"
"赞皇县","","12"
"无极县","","12"
"平山县","","12"
"元氏县","","12"
"赵县","","12"
"晋州市","","12"
"新乐市","","12"
"唐山市","三线城市,京津冀","12"
"路南区","","12"
"路北区","","12"
"古冶区","","12"
"开平区","","12"
"丰南区","","12"
"丰润区","","12"
"曹妃甸区","","12"
"滦县","","12"
"滦南县","","12"
"乐亭县","","12"
"迁西县","","12"
"玉田县","","12"
"遵化市","","12"
"迁安市","","12"
"秦皇岛市","三线城市,京津冀","12"
"海港区","","12"
"山海关区","","12"
"北戴河区","","12"
"抚宁区","","12"
"青龙满族自治县","","12"
"昌黎县","","12"
"卢龙县","","12"
"邯郸市","三线城市,京津冀","12"
"邯山区","","12"
"丛台区","","12"
"复兴区","","12"
"峰峰矿区","","12"
"邯郸县","","12"
"临漳县","","12"
"成安县","","12"
"大名县","","12"
"涉县","","12"
"磁县","","12"
"肥乡县","","12"
"永年县","","12"
"邱县","","12"
"鸡泽县","","12"
"广平县","","12"
"馆陶县","","12"
"魏县","","12"
"曲周县","","12"
"武安市","","12"
"邢台市","三线城市,京津冀","12"
"邢台市桥东区","","12"
"邢台市桥西区","","12"
"邢台县","","12"
"临城县","","12"
"内丘县","","12"
"柏乡县","","12"
"隆尧县","","12"
"任县","","12"
"南和县","","12"
"宁晋县","","12"
"巨鹿县","","12"
"新河县","","12"
"广宗县","","12"
"平乡县","","12"
"威县","","12"
"清河县","","12"
"临西县","","12"
"南宫市","","12"
"沙河市","","12"
"保定市","二线城市,京津冀","12"
"竞秀区","","12"
"莲池区","","12"
"满城区","","12"
"清苑区","","12"
"徐水区","","12"
"涞水县","","12"
"阜平县","","12"
"定兴县","","12"
"唐县","","12"
"高阳县","","12"
"容城县","","12"
"涞源县","","12"
"望都县","","12"
"安新县","","12"
"易县","","12"
"曲阳县","","12"
"蠡县","","12"
"顺平县","","12"
"博野县","","12"
"雄县","","12"
"涿州市","","12"
"安国市","","12"
"高碑店市","","12"
"张家口市","京津冀,四线城市","12"
"张家口市桥东区","","12"
"张家口市桥西区","","12"
"宣化区","","12"
"下花园区","","12"
"宣化县","","12"
"张北县","","12"
"康保县","","12"
"沽源县","","12"
"尚义县","","12"
"蔚县","","12"
"阳原县","","12"
"怀安县","","12"
"万全县","","12"
"怀来县","","12"
"涿鹿县","","12"
"赤城县","","12"
"崇礼县","","12"
"承德市","京津冀,四线城市","12"
"双桥区","","12"
"双滦区","","12"
"鹰手营子矿区","","12"
"承德县","","12"
"兴隆县","","12"
"平泉县","","12"
"滦平县","","12"
"隆化县","","12"
"丰宁满族自治县","","12"
"宽城满族自治县","","12"
"围场满族蒙古族自治县","","12"
"沧州市","三线城市,京津冀","12"
"沧州市新华区","","12"
"运河区","","12"
"沧县","","12"
"青县","","12"
"东光县","","12"
"海兴县","","12"
"盐山县","","12"
"肃宁县","","12"
"南皮县","","12"
"吴桥县","","12"
"献县","","12"
"孟村回族自治县","","12"
"泊头市","","12"
"任丘市","","12"
"黄骅市","","12"
"河间市","","12"
"廊坊市","三线城市,京津冀","12"
"安次区","","12"
"广阳区","","12"
"固安县","","12"
"永清县","","12"
"香河县","","12"
"大城县","","12"
"文安县","","12"
"大厂回族自治县","","12"
"霸州市","","12"
"三河市","","12"
"衡水市","京津冀,四线城市","12"
"桃城区","","12"
"枣强县","","12"
"武邑县","","12"
"武强县","","12"
"饶阳县","","12"
"安平县","","12"
"故城县","","12"
"景县","","12"
"阜城县","","12"
"冀州市","","12"
"深州市","","12"
"定州市","","12"
"辛集市","","12"
"山西省","华北地区","12"
"太原市","二线城市","12"
"小店区","","12"
"迎泽区","","12"
"杏花岭区","","12"
"尖草坪区","","12"
"万柏林区","","12"
"晋源区","","12"
"清徐县","","12"
"阳曲县","","12"
"娄烦县","","12"
"古交市","","12"
"大同市","四线城市","12"
"南郊区","","12"
"新荣区","","12"
"阳高县","","12"
"天镇县","","12"
"广灵县","","12"
"灵丘县","","12"
"浑源县","","12"
"左云县","","12"
"大同县","","12"
"阳泉市","五线城市","12"
"平定县","","12"
"盂县","","12"
"长治市","五线城市","12"
"长治县","","12"
"襄垣县","","12"
"屯留县","","12"
"平顺县","","12"
"黎城县","","12"
"壶关县","","12"
"长子县","","12"
"武乡县","","12"
"沁县","","12"
"沁源县","","12"
"潞城市","","12"
"晋城市","五线城市","12"
"沁水县","","12"
"阳城县","","12"
"陵川县","","12"
"泽州县","","12"
"高平市","","12"
"朔州市","五线城市","12"
"朔城区","","12"
"平鲁区","","12"
"山阴县","","12"
"应县","","12"
"右玉县","","12"
"怀仁县","","12"
"晋中市","四线城市","12"
"榆次区","","12"
"榆社县","","12"
"左权县","","12"
"和顺县","","12"
"昔阳县","","12"
"寿阳县","","12"
"太谷县","","12"
"祁县","","12"
"平遥县","","12"
"灵石县","","12"
"介休市","","12"
"运城市","四线城市","12"
"盐湖区","","12"
"临猗县","","12"
"万荣县","","12"
"闻喜县","","12"
"稷山县","","12"
"新绛县","","12"
"绛县","","12"
"垣曲县","","12"
"夏县","","12"
"平陆县","","12"
"芮城县","","12"
"永济市","","12"
"河津市","","12"
"忻州市","五线城市","12"
"忻府区","","12"
"定襄县","","12"
"五台县","","12"
"代县","","12"
"繁峙县","","12"
"宁武县","","12"
"静乐县","","12"
"神池县","","12"
"五寨县","","12"
"岢岚县","","12"
"河曲县","","12"
"保德县","","12"
"偏关县","","12"
"原平市","","12"
"临汾市","四线城市","12"
"尧都区","","12"
"曲沃县","","12"
"翼城县","","12"
"襄汾县","","12"
"洪洞县","","12"
"古县","","12"
"安泽县","","12"
"浮山县","","12"
"吉县","","12"
"乡宁县","","12"
"大宁县","","12"
"隰县","","12"
"永和县","","12"
"蒲县","","12"
"汾西县","","12"
"侯马市","","12"
"霍州市","","12"
"吕梁市","五线城市","12"
"离石区","","12"
"文水县","","12"
"交城县","","12"
"兴县","","12"
"临县","","12"
"柳林县","","12"
"石楼县","","12"
"岚县","","12"
"方山县","","12"
"中阳县","","12"
"交口县","","12"
"孝义市","","12"
"汾阳市","","12"
"内蒙古自治区","","12"
"呼和浩特市","三线城市,华北地区","12"
"呼和浩特市新城区","","12"
"回民区","","12"
"玉泉区","","12"
"赛罕区","","12"
"土默特左旗","","12"
"托克托县","","12"
"和林格尔县","","12"
"清水河县","","12"
"武川县","","12"
"包头市","三线城市,华北地区","12"
"东河区","","12"
"昆都仑区","东北地区","12"
"包头市青山区","","12"
"石拐区","","12"
"白云鄂博矿区","","12"
"九原区","","12"
"土默特右旗","","12"
"固阳县","","12"
"达尔罕茂明安联合旗","","12"
"乌海市","五线城市","12"
"海勃湾区","","12"
"海南区","","12"
"乌达区","","12"
"赤峰市","东北地区,四线城市","12"
"红山区","","12"
"元宝山区","","12"
"松山区","","12"
"阿鲁科尔沁旗","","12"
"巴林左旗","","12"
"巴林右旗","","12"
"林西县","","12"
"克什克腾旗","","12"
"翁牛特旗","","12"
"喀喇沁旗","","12"
"宁城县","","12"
"敖汉旗","","12"
"通辽市","东北地区,四线城市","12"
"科尔沁区","","12"
"科尔沁左翼中旗","","12"
"科尔沁左翼后旗","","12"
"开鲁县","","12"
"库伦旗","","12"
"奈曼旗","","12"
"扎鲁特旗","","12"
"霍林郭勒市","","12"
"鄂尔多斯市","华北地区,四线城市","12"
"东胜区","","12"
"达拉特旗","","12"
"准格尔旗","","12"
"鄂托克前旗","","12"
"鄂托克旗","","12"
"杭锦旗","","12"
"乌审旗","","12"
"伊金霍洛旗","","12"
"呼伦贝尔市","东北地区,四线城市","12"
"海拉尔区","","12"
"扎赉诺尔区","","12"
"阿荣旗","","12"
"莫力达瓦达斡尔族自治旗","","12"
"鄂伦春自治旗","","12"
"鄂温克族自治旗","","12"
"陈巴尔虎旗","","12"
"新巴尔虎左旗","","12"
"新巴尔虎右旗","","12"
"满洲里市","","12"
"牙克石市","","12"
"扎兰屯市","","12"
"额尔古纳市","","12"
"根河市","","12"
"巴彦淖尔市","五线城市","12"
"临河区","","12"
"五原县","","12"
"磴口县","","12"
"乌拉特前旗","","12"
"乌拉特中旗","","12"
"乌拉特后旗","","12"
"杭锦后旗","","12"
"乌兰察布市","五线城市,华北地区","12"
"集宁区","","12"
"卓资县","","12"
"化德县","","12"
"商都县","","12"
"兴和县","","12"
"凉城县","","12"
"察哈尔右翼前旗","","12"
"察哈尔右翼中旗","","12"
"察哈尔右翼后旗","","12"
"四子王旗","","12"
"丰镇市","","12"
"兴安盟","东北地区,五线城市","12"
"乌兰浩特市","","12"
"阿尔山市","","12"
"科尔沁右翼前旗","","12"
"科尔沁右翼中旗","","12"
"扎赉特旗","","12"
"突泉县","","12"
"锡林郭勒盟","五线城市","12"
"二连浩特市","","12"
"锡林浩特市","","12"
"阿巴嘎旗","","12"
"苏尼特左旗","","12"
"苏尼特右旗","","12"
"东乌珠穆沁旗","","12"
"西乌珠穆沁旗","","12"
"太仆寺旗","","12"
"镶黄旗","","12"
"正镶白旗","","12"
"正蓝旗","","12"
"多伦县","","12"
"阿拉善盟","五线城市","12"
"阿拉善左旗","","12"
"阿拉善右旗","","12"
"额济纳旗","","12"
"辽宁省","东北地区,辽吉黑","12"
"沈阳市","新一线城市","12"
"沈阳市和平区","","12"
"沈河区","","12"
"大东区","","12"
"皇姑区","","12"
"沈阳市铁西区","","12"
"苏家屯区","","12"
"浑南区","","12"
"沈北新区","","12"
"于洪区","","12"
"辽中县","","12"
"康平县","","12"
"法库县","","12"
"新民市","","12"
"大连市","二线城市,新一线城市","12"
"中山区","","12"
"西岗区","","12"
"沙河口区","","12"
"甘井子区","","12"
"旅顺口区","","12"
"金州区","","12"
"长海县","","12"
"瓦房店市","","12"
"普兰店市","","12"
"庄河市","","12"
"鞍山市","三线城市","12"
"鞍山市铁东区","","12"
"鞍山市铁西区","","12"
"立山区","","12"
"千山区","","12"
"台安县","","12"
"岫岩满族自治县","","12"
"海城市","","12"
"抚顺市","四线城市","12"
"新抚区","","12"
"东洲区","","12"
"望花区","","12"
"顺城区","","12"
"抚顺县","","12"
"新宾满族自治县","","12"
"清原满族自治县","","12"
"本溪市","五线城市","12"
"平山区","","12"
"溪湖区","","12"
"明山区","","12"
"南芬区","","12"
"本溪满族自治县","","12"
"桓仁满族自治县","","12"
"丹东市","四线城市","12"
"元宝区","","12"
"振兴区","","12"
"振安区","","12"
"宽甸满族自治县","","12"
"东港市","","12"
"凤城市","","12"
"锦州市","四线城市","12"
"古塔区","","12"
"凌河区","","12"
"太和区","","12"
"黑山县","","12"
"义县","","12"
"凌海市","","12"
"北镇市","","12"
"营口市","四线城市","12"
"站前区","","12"
"西市区","","12"
"鲅鱼圈区","","12"
"老边区","","12"
"盖州市","","12"
"大石桥市","","12"
"阜新市","五线城市","12"
"阜新市海州区","","12"
"新邱区","","12"
"太平区","","12"
"清河门区","","12"
"细河区","","12"
"阜新蒙古族自治县","","12"
"彰武县","","12"
"辽阳市","五线城市","12"
"白塔区","","12"
"文圣区","","12"
"宏伟区","","12"
"弓长岭区","","12"
"太子河区","","12"
"辽阳县","","12"
"灯塔市","","12"
"盘锦市","四线城市","12"
"双台子区","","12"
"兴隆台区","","12"
"大洼县","","12"
"盘山县","","12"
"铁岭市","五线城市","12"
"银州区","","12"
"铁岭市清河区","","12"
"铁岭县","","12"
"西丰县","","12"
"昌图县","","12"
"调兵山市","","12"
"开原市","","12"
"朝阳市","五线城市","12"
"双塔区","","12"
"龙城区","","12"
"朝阳县","","12"
"建平县","","12"
"喀喇沁左翼蒙古族自治县","","12"
"北票市","","12"
"凌源市","","12"
"葫芦岛市","五线城市","12"
"连山区","","12"
"龙港区","","12"
"南票区","","12"
"绥中县","","12"
"建昌县","","12"
"兴城市","","12"
"吉林省","东北地区,辽吉黑","12"
"长春市","二线城市","12"
"南关区","","12"
"宽城区","","12"
"长春市朝阳区","","12"
"二道区","","12"
"绿园区","","12"
"双阳区","","12"
"九台区","","12"
"农安县","","12"
"榆树市","","12"
"德惠市","","12"
"吉林市","三线城市","12"
"昌邑区","","12"
"龙潭区","","12"
"船营区","","12"
"丰满区","","12"
"永吉县","","12"
"蛟河市","","12"
"桦甸市","","12"
"舒兰市","","12"
"磐石市","","12"
"四平市","五线城市","12"
"四平市铁西区","","12"
"四平市铁东区","","12"
"梨树县","","12"
"伊通满族自治县","","12"
"公主岭市","","12"
"双辽市","","12"
"辽源市","五线城市","12"
"龙山区","","12"
"辽源市西安区","","12"
"东丰县","","12"
"东辽县","","12"
"通化市","四线城市","12"
"东昌区","","12"
"二道江区","","12"
"通化县","","12"
"辉南县","","12"
"柳河县","","12"
"梅河口市","","12"
"集安市","","12"
"白山市","五线城市","12"
"浑江区","","12"
"江源区","","12"
"抚松县","","12"
"靖宇县","","12"
"长白朝鲜族自治县","","12"
"临江市","","12"
"松原市","四线城市","12"
"宁江区","","12"
"前郭尔罗斯蒙古族自治县","","12"
"长岭县","","12"
"乾安县","","12"
"扶余市","","12"
"白城市","五线城市","12"
"洮北区","","12"
"镇赉县","","12"
"通榆县","","12"
"洮南市","","12"
"大安市","","12"
"延边朝鲜族自治州","四线城市","12"
"延吉市","","12"
"图们市","","12"
"敦化市","","12"
"珲春市","","12"
"龙井市","","12"
"和龙市","","12"
"汪清县","","12"
"安图县","","12"
"黑龙江省","东北地区,辽吉黑","12"
"哈尔滨市","二线城市","12"
"道里区","","12"
"南岗区","","12"
"道外区","","12"
"平房区","","12"
"松北区","","12"
"香坊区","","12"
"呼兰区","","12"
"阿城区","","12"
"双城区","","12"
"依兰县","","12"
"方正县","","12"
"宾县","","12"
"巴彦县","","12"
"木兰县","","12"
"通河县","","12"
"延寿县","","12"
"尚志市","","12"
"五常市","","12"
"齐齐哈尔市","四线城市","12"
"龙沙区","","12"
"建华区","","12"
"铁锋区","","12"
"昂昂溪区","","12"
"富拉尔基区","","12"
"碾子山区","","12"
"梅里斯达斡尔族区","","12"
"龙江县","","12"
"依安县","","12"
"泰来县","","12"
"甘南县","","12"
"富裕县","","12"
"克山县","","12"
"克东县","","12"
"拜泉县","","12"
"讷河市","","12"
"鸡西市","五线城市","12"
"鸡冠区","","12"
"恒山区","","12"
"滴道区","","12"
"梨树区","","12"
"城子河区","","12"
"麻山区","","12"
"鸡东县","","12"
"虎林市","","12"
"密山市","","12"
"鹤岗市","五线城市","12"
"鹤岗市向阳区","","12"
"工农区","","12"
"鹤岗市南山区","","12"
"兴安区","","12"
"东山区","","12"
"兴山区","","12"
"萝北县","","12"
"绥滨县","","12"
"双鸭山市","五线城市","12"
"尖山区","","12"
"岭东区","","12"
"四方台区","","12"
"双鸭山市宝山区","","12"
"集贤县","","12"
"友谊县","","12"
"宝清县","","12"
"饶河县","","12"
"大庆市","三线城市","12"
"萨尔图区","","12"
"龙凤区","","12"
"让胡路区","","12"
"红岗区","","12"
"大同区","","12"
"肇州县","","12"
"肇源县","","12"
"林甸县","","12"
"杜尔伯特蒙古族自治县","","12"
"伊春市","五线城市","12"
"伊春区","","12"
"南岔区","","12"
"友好区","","12"
"西林区","","12"
"翠峦区","","12"
"新青区","","12"
"美溪区","","12"
"金山屯区","","12"
"五营区","","12"
"乌马河区","","12"
"汤旺河区","","12"
"带岭区","","12"
"乌伊岭区","","12"
"红星区","","12"
"上甘岭区","","12"
"嘉荫县","","12"
"铁力市","","12"
"佳木斯市","四线城市","12"
"佳木斯市向阳区","","12"
"前进区","","12"
"东风区","","12"
"桦南县","","12"
"桦川县","","12"
"汤原县","","12"
"抚远县","","12"
"同江市","","12"
"富锦市","","12"
"七台河市","五线城市","12"
"新兴区","","12"
"桃山区","","12"
"茄子河区","","12"
"勃利县","","12"
"牡丹江市","四线城市","12"
"东安区","","12"
"阳明区","","12"
"爱民区","","12"
"牡丹江市西安区","","12"
"东宁县","","12"
"林口县","","12"
"绥芬河市","","12"
"海林市","","12"
"宁安市","","12"
"穆棱市","","12"
"黑河市","五线城市","12"
"爱辉区","","12"
"嫩江县","","12"
"逊克县","","12"
"孙吴县","","12"
"北安市","","12"
"五大连池市","","12"
"绥化市","五线城市","12"
"北林区","","12"
"望奎县","","12"
"兰西县","","12"
"青冈县","","12"
"庆安县","","12"
"明水县","","12"
"绥棱县","","12"
"安达市","","12"
"肇东市","","12"
"海伦市","","12"
"大兴安岭地区","五线城市","12"
"呼玛县","","12"
"塔河县","","12"
"漠河县","","12"
"上海市","一线城市,北上广,北上广深,华东地区,江浙沪,沪宁杭,长三角","12"
"黄浦区","","12"
"徐汇区","","12"
"长宁区","","12"
"静安区","","12"
"上海市普陀区","","12"
"闸北区","","12"
"虹口区","","12"
"杨浦区","","12"
"闵行区","","12"
"上海市宝山区","","12"
"嘉定区","","12"
"浦东新区","","12"
"金山区","","12"
"松江区","","12"
"青浦区","","12"
"奉贤区","","12"
"崇明县","","12"
"江苏省","华东地区,江浙,江浙沪,苏浙","12"
"南京市","新一线城市,沪宁杭,长三角","12"
"玄武区","","12"
"秦淮区","","12"
"建邺区","","12"
"南京市鼓楼区","","12"
"浦口区","","12"
"栖霞区","","12"
"雨花台区","","12"
"江宁区","","12"
"六合区","","12"
"溧水区","","12"
"高淳区","","12"
"无锡市","二线城市,长三角","12"
"崇安区","","12"
"南长区","","12"
"北塘区","","12"
"锡山区","","12"
"惠山区","","12"
"滨湖区","","12"
"江阴市","","12"
"宜兴市","","12"
"徐州市","二线城市","12"
"徐州市鼓楼区","","12"
"云龙区","","12"
"贾汪区","","12"
"泉山区","","12"
"铜山区","","12"
"丰县","","12"
"沛县","","12"
"睢宁县","","12"
"新沂市","","12"
"邳州市","","12"
"常州市","二线城市,长三角","12"
"天宁区","","12"
"钟楼区","","12"
"新北区","","12"
"武进区","","12"
"金坛区","","12"
"溧阳市","","12"
"苏州市","新一线城市,长三角","12"
"虎丘区","","12"
"吴中区","","12"
"相城区","","12"
"姑苏区","","12"
"吴江区","","12"
"常熟市","","12"
"张家港市","","12"
"昆山市","","12"
"太仓市","","12"
"南通市","二线城市,长三角","12"
"崇川区","","12"
"港闸区","","12"
"南通市通州区","","12"
"海安县","","12"
"如东县","","12"
"启东市","","12"
"如皋市","","12"
"海门市","","12"
"连云港市","三线城市","12"
"连云区","","12"
"连云港市海州区","","12"
"赣榆区","","12"
"东海县","","12"
"灌云县","","12"
"灌南县","","12"
"淮安市","三线城市","12"
"淮安市清河区","","12"
"淮安区","","12"
"淮阴区","","12"
"清浦区","","12"
"涟水县","","12"
"洪泽县","","12"
"盱眙县","","12"
"金湖县","","12"
"盐城市","三线城市,长三角","12"
"亭湖区","","12"
"盐都区","","12"
"大丰区","","12"
"响水县","","12"
"滨海县","","12"
"阜宁县","","12"
"射阳县","","12"
"建湖县","","12"
"东台市","","12"
"扬州市","三线城市,长三角","12"
"广陵区","","12"
"邗江区","","12"
"江都区","","12"
"宝应县","","12"
"仪征市","","12"
"高邮市","","12"
"镇江市","三线城市,长三角","12"
"京口区","","12"
"润州区","","12"
"丹徒区","","12"
"丹阳市","","12"
"扬中市","","12"
"句容市","","12"
"泰州市","三线城市,长三角","12"
"海陵区","","12"
"高港区","","12"
"姜堰区","","12"
"兴化市","","12"
"靖江市","","12"
"泰兴市","","12"
"宿迁市","三线城市","12"
"宿城区","","12"
"宿豫区","","12"
"沭阳县","","12"
"泗阳县","","12"
"泗洪县","","12"
"浙江省","华东地区,江浙,江浙沪,苏浙","12"
"杭州市","新一线城市,沪宁杭,长三角","12"
"上城区","","12"
"下城区","","12"
"江干区","","12"
"拱墅区","","12"
"杭州市西湖区","","12"
"滨江区","","12"
"萧山区","","12"
"余杭区","","12"
"富阳区","","12"
"桐庐县","","12"
"淳安县","","12"
"建德市","","12"
"临安市","","12"
"宁波市","新一线城市,长三角","12"
"海曙区","","12"
"江东区","","12"
"宁波市江北区","","12"
"北仑区","","12"
"镇海区","","12"
"鄞州区","","12"
"象山县","","12"
"宁海县","","12"
"余姚市","","12"
"慈溪市","","12"
"奉化市","","12"
"温州市","二线城市","12"
"鹿城区","","12"
"龙湾区","","12"
"瓯海区","","12"
"洞头区","","12"
"永嘉县","","12"
"平阳县","","12"
"苍南县","","12"
"文成县","","12"
"泰顺县","","12"
"瑞安市","","12"
"乐清市","","12"
"嘉兴市","二线城市,长三角","12"
"南湖区","","12"
"秀洲区","","12"
"嘉善县","","12"
"海盐县","","12"
"海宁市","","12"
"平湖市","","12"
"桐乡市","","12"
"湖州市","三线城市,长三角","12"
"吴兴区","","12"
"南浔区","","12"
"德清县","","12"
"长兴县","","12"
"安吉县","","12"
"绍兴市","二线城市,长三角","12"
"越城区","","12"
"柯桥区","","12"
"上虞区","","12"
"新昌县","","12"
"诸暨市","","12"
"嵊州市","","12"
"金华市","二线城市,长三角","12"
"婺城区","","12"
"金东区","","12"
"武义县","","12"
"浦江县","","12"
"磐安县","","12"
"兰溪市","","12"
"义乌市","","12"
"东阳市","","12"
"永康市","","12"
"衢州市","四线城市","12"
"柯城区","","12"
"衢江区","","12"
"常山县","","12"
"开化县","","12"
"龙游县","","12"
"江山市","","12"
"舟山市","四线城市,长三角","12"
"定海区","","12"
"舟山市普陀区","","12"
"岱山县","","12"
"嵊泗县","","12"
"台州市","二线城市,长三角","12"
"椒江区","","12"
"黄岩区","","12"
"路桥区","","12"
"玉环县","","12"
"三门县","","12"
"天台县","","12"
"仙居县","","12"
"温岭市","","12"
"临海市","","12"
"丽水市","四线城市","12"
"莲都区","","12"
"青田县","","12"
"缙云县","","12"
"遂昌县","","12"
"松阳县","","12"
"云和县","","12"
"庆元县","","12"
"景宁畲族自治县","","12"
"龙泉市","","12"
"安徽省","华东地区","12"
"合肥市","二线城市,长三角","12"
"瑶海区","","12"
"庐阳区","","12"
"蜀山区","","12"
"包河区","","12"
"长丰县","","12"
"肥东县","","12"
"肥西县","","12"
"庐江县","","12"
"巢湖市","","12"
"芜湖市","三线城市,长三角","12"
"镜湖区","","12"
"弋江区","","12"
"鸠江区","","12"
"三山区","","12"
"芜湖县","","12"
"繁昌县","","12"
"南陵县","","12"
"无为县","","12"
"蚌埠市","三线城市","12"
"龙子湖区","","12"
"蚌山区","","12"
"禹会区","","12"
"淮上区","","12"
"怀远县","","12"
"五河县","","12"
"固镇县","","12"
"淮南市","四线城市","12"
"大通区","","12"
"田家庵区","","12"
"谢家集区","","12"
"八公山区","","12"
"潘集区","","12"
"凤台县","","12"
"马鞍山市","四线城市,长三角","12"
"花山区","","12"
"雨山区","","12"
"博望区","","12"
"当涂县","","12"
"含山县","","12"
"和县","","12"
"淮北市","五线城市","12"
"杜集区","","12"
"相山区","","12"
"烈山区","","12"
"濉溪县","","12"
"铜陵市","三线城市,长三角","12"
"铜官山区","","12"
"狮子山区","","12"
"铜陵县","","12"
"安庆市","四线城市,长三角","12"
"迎江区","","12"
"大观区","","12"
"宜秀区","","12"
"怀宁县","","12"
"枞阳县","","12"
"潜山县","","12"
"太湖县","","12"
"宿松县","","12"
"望江县","","12"
"岳西县","","12"
"桐城市","","12"
"黄山市","四线城市","12"
"屯溪区","","12"
"黄山区","","12"
"徽州区","","12"
"歙县","","12"
"休宁县","","12"
"黟县","","12"
"祁门县","","12"
"滁州市","三线城市,长三角","12"
"琅琊区","","12"
"南谯区","","12"
"来安县","","12"
"全椒县","","12"
"定远县","","12"
"凤阳县","","12"
"天长市","","12"
"明光市","","12"
"阜阳市","三线城市","12"
"颍州区","","12"
"颍东区","","12"
"颍泉区","","12"
"临泉县","","12"
"太和县","","12"
"阜南县","","12"
"颍上县","","12"
"界首市","","12"
"宿州市","四线城市","12"
"埇桥区","","12"
"砀山县","","12"
"萧县","","12"
"灵璧县","","12"
"泗县","","12"
"六安市","四线城市","12"
"金安区","","12"
"裕安区","","12"
"寿县","","12"
"霍邱县","","12"
"舒城县","","12"
"金寨县","","12"
"霍山县","","12"
"亳州市","四线城市","12"
"谯城区","","12"
"涡阳县","","12"
"蒙城县","","12"
"利辛县","","12"
"池州市","五线城市,长三角","12"
"贵池区","","12"
"东至县","","12"
"石台县","","12"
"青阳县","","12"
"宣城市","四线城市,长三角","12"
"宣州区","","12"
"郎溪县","","12"
"广德县","","12"
"泾县","","12"
"绩溪县","","12"
"旌德县","","12"
"宁国市","","12"
"福建省","华东地区,闽粤赣","12"
"福州市","二线城市","12"
"福州市鼓楼区","","12"
"台江区","","12"
"仓山区","","12"
"马尾区","","12"
"晋安区","","12"
"闽侯县","","12"
"连江县","","12"
"罗源县","","12"
"闽清县","","12"
"永泰县","","12"
"平潭县","","12"
"福清市","","12"
"长乐市","","12"
"厦门市","二线城市","12"
"思明区","","12"
"海沧区","","12"
"湖里区","","12"
"集美区","","12"
"同安区","","12"
"翔安区","","12"
"莆田市","三线城市","12"
"城厢区","","12"
"涵江区","","12"
"荔城区","","12"
"秀屿区","","12"
"仙游县","","12"
"三明市","四线城市","12"
"梅列区","","12"
"三元区","","12"
"明溪县","","12"
"清流县","","12"
"宁化县","","12"
"大田县","","12"
"尤溪县","","12"
"沙县","","12"
"将乐县","","12"
"泰宁县","","12"
"建宁县","","12"
"永安市","","12"
"泉州市","二线城市","12"
"鲤城区","","12"
"丰泽区","","12"
"洛江区","","12"
"泉港区","","12"
"惠安县","","12"
"安溪县","","12"
"永春县","","12"
"德化县","","12"
"金门县","","12"
"石狮市","","12"
"晋江市","","12"
"南安市","","12"
"漳州市","三线城市","12"
"芗城区","","12"
"龙文区","","12"
"云霄县","","12"
"漳浦县","","12"
"诏安县","","12"
"长泰县","","12"
"东山县","","12"
"南靖县","","12"
"平和县","","12"
"华安县","","12"
"龙海市","","12"
"南平市","四线城市","12"
"延平区","","12"
"建阳区","","12"
"顺昌县","","12"
"浦城县","","12"
"光泽县","","12"
"松溪县","","12"
"政和县","","12"
"邵武市","","12"
"武夷山市","","12"
"建瓯市","","12"
"龙岩市","四线城市","12"
"新罗区","","12"
"龙岩市永定区","","12"
"长汀县","","12"
"上杭县","","12"
"武平县","","12"
"连城县","","12"
"漳平市","","12"
"宁德市","三线城市","12"
"蕉城区","","12"
"霞浦县","","12"
"古田县","","12"
"屏南县","","12"
"寿宁县","","12"
"周宁县","","12"
"柘荣县","","12"
"福安市","","12"
"福鼎市","","12"
"江西省","华东地区,闽粤赣","12"
"南昌市","二线城市","12"
"东湖区","","12"
"南昌市西湖区","","12"
"青云谱区","","12"
"湾里区","","12"
"青山湖区","","12"
"新建区","","12"
"南昌县","","12"
"安义县","","12"
"进贤县","","12"
"景德镇市","五线城市","12"
"昌江区","","12"
"珠山区","","12"
"浮梁县","","12"
"乐平市","","12"
"萍乡市","五线城市","12"
"安源区","","12"
"湘东区","","12"
"莲花县","","12"
"上栗县","","12"
"芦溪县","","12"
"九江市","三线城市","12"
"庐山区","","12"
"浔阳区","","12"
"九江县","","12"
"武宁县","","12"
"修水县","","12"
"永修县","","12"
"德安县","","12"
"星子县","","12"
"都昌县","","12"
"湖口县","","12"
"彭泽县","","12"
"瑞昌市","","12"
"共青城市","","12"
"新余市","五线城市","12"
"渝水区","","12"
"分宜县","","12"
"鹰潭市","五线城市","12"
"月湖区","","12"
"余江县","","12"
"贵溪市","","12"
"赣州市","三线城市","12"
"章贡区","","12"
"南康区","","12"
"赣县","","12"
"信丰县","","12"
"大余县","","12"
"上犹县","","12"
"崇义县","","12"
"安远县","","12"
"龙南县","","12"
"定南县","","12"
"全南县","","12"
"宁都县","","12"
"于都县","","12"
"兴国县","","12"
"会昌县","","12"
"寻乌县","","12"
"石城县","","12"
"瑞金市","","12"
"吉安市","四线城市","12"
"吉州区","","12"
"青原区","","12"
"吉安县","","12"
"吉水县","","12"
"峡江县","","12"
"新干县","","12"
"永丰县","","12"
"泰和县","","12"
"遂川县","","12"
"万安县","","12"
"安福县","","12"
"永新县","","12"
"井冈山市","","12"
"宜春市","三线城市","12"
"袁州区","","12"
"奉新县","","12"
"万载县","","12"
"上高县","","12"
"宜丰县","","12"
"靖安县","","12"
"铜鼓县","","12"
"丰城市","","12"
"樟树市","","12"
"高安市","","12"
"抚州市","四线城市","12"
"临川区","","12"
"南城县","","12"
"黎川县","","12"
"南丰县","","12"
"崇仁县","","12"
"乐安县","","12"
"宜黄县","","12"
"金溪县","","12"
"资溪县","","12"
"东乡县","","12"
"广昌县","","12"
"上饶市","三线城市","12"
"信州区","","12"
"广丰区","","12"
"上饶县","","12"
"玉山县","","12"
"铅山县","","12"
"横峰县","","12"
"弋阳县","","12"
"余干县","","12"
"鄱阳县","","12"
"万年县","","12"
"婺源县","","12"
"德兴市","","12"
"山东省","华东地区","12"
"济南市","二线城市","12"
"历下区","","12"
"济南市市中区","","12"
"槐荫区","","12"
"天桥区","","12"
"历城区","","12"
"长清区","","12"
"平阴县","","12"
"济阳县","","12"
"商河县","","12"
"章丘市","","12"
"青岛市","新一线城市","12"
"市南区","","12"
"市北区","","12"
"黄岛区","","12"
"崂山区","","12"
"李沧区","","12"
"城阳区","","12"
"胶州市","","12"
"即墨市","","12"
"平度市","","12"
"莱西市","","12"
"淄博市","三线城市","12"
"淄川区","","12"
"张店区","","12"
"博山区","","12"
"临淄区","","12"
"周村区","","12"
"桓台县","","12"
"高青县","","12"
"沂源县","","12"
"枣庄市","四线城市","12"
"枣庄市市中区","","12"
"薛城区","","12"
"峄城区","","12"
"台儿庄区","","12"
"山亭区","","12"
"滕州市","","12"
"东营市","四线城市","12"
"东营区","","12"
"河口区","","12"
"垦利县","","12"
"利津县","","12"
"广饶县","","12"
"烟台市","二线城市","12"
"芝罘区","","12"
"福山区","","12"
"牟平区","","12"
"莱山区","","12"
"长岛县","","12"
"龙口市","","12"
"莱阳市","","12"
"莱州市","","12"
"蓬莱市","","12"
"招远市","","12"
"栖霞市","","12"
"海阳市","","12"
"潍坊市","二线城市","12"
"潍城区","","12"
"寒亭区","","12"
"坊子区","","12"
"奎文区","","12"
"临朐县","","12"
"昌乐县","","12"
"青州市","","12"
"诸城市","","12"
"寿光市","","12"
"安丘市","","12"
"高密市","","12"
"昌邑市","","12"
"济宁市","三线城市","12"
"任城区","","12"
"兖州区","","12"
"微山县","","12"
"鱼台县","","12"
"金乡县","","12"
"嘉祥县","","12"
"汶上县","","12"
"泗水县","","12"
"梁山县","","12"
"曲阜市","","12"
"邹城市","","12"
"泰安市","四线城市","12"
"泰山区","","12"
"岱岳区","","12"
"宁阳县","","12"
"东平县","","12"
"新泰市","","12"
"肥城市","","12"
"威海市","三线城市","12"
"环翠区","","12"
"文登区","","12"
"荣成市","","12"
"乳山市","","12"
"日照市","四线城市","12"
"东港区","","12"
"岚山区","","12"
"五莲县","","12"
"莒县","","12"
"莱芜市","五线城市","12"
"莱城区","","12"
"钢城区","","12"
"临沂市","三线城市","12"
"兰山区","","12"
"罗庄区","","12"
"临沂市河东区","","12"
"沂南县","","12"
"郯城县","","12"
"沂水县","","12"
"兰陵县","","12"
"费县","","12"
"平邑县","","12"
"莒南县","","12"
"蒙阴县","","12"
"临沭县","","12"
"德州市","四线城市","12"
"德城区","","12"
"陵城区","","12"
"宁津县","","12"
"庆云县","","12"
"临邑县","","12"
"齐河县","","12"
"平原县","","12"
"夏津县","","12"
"武城县","","12"
"乐陵市","","12"
"禹城市","","12"
"聊城市","四线城市","12"
"东昌府区","","12"
"阳谷县","","12"
"莘县","","12"
"茌平县","","12"
"东阿县","","12"
"冠县","","12"
"高唐县","","12"
"临清市","","12"
"滨州市","四线城市","12"
"滨城区","","12"
"沾化区","","12"
"惠民县","","12"
"阳信县","","12"
"无棣县","","12"
"博兴县","","12"
"邹平县","","12"
"菏泽市","三线城市","12"
"牡丹区","","12"
"曹县","","12"
"单县","","12"
"成武县","","12"
"巨野县","","12"
"郓城县","","12"
"鄄城县","","12"
"定陶县","","12"
"东明县","","12"
"河南省","","12"
"郑州市","华中地区,新一线城市","12"
"中原区","","12"
"二七区","","12"
"管城回族区","","12"
"金水区","","12"
"上街区","","12"
"惠济区","","12"
"中牟县","","12"
"巩义市","","12"
"荥阳市","","12"
"新密市","","12"
"新郑市","","12"
"登封市","","12"
"开封市","华中地区,四线城市","12"
"龙亭区","","12"
"顺河回族区","","12"
"开封市鼓楼区","","12"
"禹王台区","","12"
"金明区","","12"
"祥符区","","12"
"杞县","","12"
"通许县","","12"
"尉氏县","","12"
"兰考县","","12"
"洛阳市","三线城市,华中地区","12"
"老城区","","12"
"西工区","","12"
"瀍河回族区","","12"
"涧西区","","12"
"吉利区","","12"
"洛龙区","","12"
"孟津县","","12"
"新安县","","12"
"栾川县","","12"
"嵩县","","12"
"汝阳县","","12"
"宜阳县","","12"
"洛宁县","","12"
"伊川县","","12"
"偃师市","","12"
"平顶山市","华中地区,四线城市","12"
"平顶山市新华区","","12"
"卫东区","","12"
"石龙区","","12"
"湛河区","","12"
"宝丰县","","12"
"叶县","","12"
"鲁山县","","12"
"郏县","","12"
"舞钢市","","12"
"汝州市","","12"
"安阳市","华中地区,四线城市","12"
"文峰区","","12"
"北关区","","12"
"殷都区","","12"
"龙安区","","12"
"安阳县","","12"
"汤阴县","","12"
"滑县","","12"
"内黄县","","12"
"林州市","","12"
"鹤壁市","五线城市,华中地区","12"
"鹤山区","","12"
"山城区","","12"
"淇滨区","","12"
"浚县","","12"
"淇县","","12"
"新乡市","三线城市,华中地区","12"
"红旗区","","12"
"卫滨区","","12"
"凤泉区","","12"
"牧野区","","12"
"新乡县","","12"
"获嘉县","","12"
"原阳县","","12"
"延津县","","12"
"封丘县","","12"
"长垣县","","12"
"卫辉市","","12"
"辉县市","","12"
"焦作市","华中地区,四线城市","12"
"解放区","","12"
"中站区","","12"
"马村区","","12"
"山阳区","","12"
"修武县","","12"
"博爱县","","12"
"武陟县","","12"
"温县","","12"
"沁阳市","","12"
"孟州市","","12"
"濮阳市","华中地区,四线城市","12"
"华龙区","","12"
"清丰县","","12"
"南乐县","","12"
"范县","","12"
"台前县","","12"
"濮阳县","","12"
"许昌市","三线城市,华中地区","12"
"魏都区","","12"
"许昌县","","12"
"鄢陵县","","12"
"襄城县","","12"
"禹州市","","12"
"长葛市","","12"
"漯河市","华中地区,四线城市","12"
"源汇区","","12"
"郾城区","","12"
"召陵区","","12"
"舞阳县","","12"
"临颍县","","12"
"三门峡市","五线城市,华中地区","12"
"湖滨区","","12"
"渑池县","","12"
"陕县","","12"
"卢氏县","","12"
"义马市","","12"
"灵宝市","","12"
"南阳市","三线城市,华中地区","12"
"宛城区","","12"
"卧龙区","","12"
"南召县","","12"
"方城县","","12"
"西峡县","","12"
"镇平县","","12"
"内乡县","","12"
"淅川县","","12"
"社旗县","","12"
"唐河县","","12"
"新野县","","12"
"桐柏县","","12"
"邓州市","","12"
"商丘市","三线城市,华中地区","12"
"梁园区","","12"
"睢阳区","","12"
"民权县","","12"
"睢县","","12"
"宁陵县","","12"
"柘城县","","12"
"虞城县","","12"
"夏邑县","","12"
"永城市","","12"
"信阳市","三线城市,华中地区","12"
"浉河区","","12"
"平桥区","","12"
"罗山县","","12"
"光山县","","12"
"新县","","12"
"商城县","","12"
"固始县","","12"
"潢川县","","12"
"淮滨县","","12"
"息县","","12"
"周口市","华中地区,四线城市","12"
"川汇区","","12"
"扶沟县","","12"
"西华县","","12"
"商水县","","12"
"沈丘县","","12"
"郸城县","","12"
"淮阳县","","12"
"太康县","","12"
"鹿邑县","","12"
"项城市","","12"
"驻马店市","三线城市,华中地区","12"
"驿城区","","12"
"西平县","","12"
"上蔡县","","12"
"平舆县","","12"
"正阳县","","12"
"确山县","","12"
"泌阳县","","12"
"汝南县","","12"
"遂平县","","12"
"新蔡县","","12"
"济源市","华中地区","12"
"湖北省","","12"
"武汉市","华中地区,新一线城市","12"
"江岸区","","12"
"江汉区","","12"
"硚口区","","12"
"汉阳区","","12"
"武昌区","","12"
"武汉市青山区","","12"
"洪山区","","12"
"东西湖区","","12"
"汉南区","","12"
"蔡甸区","","12"
"江夏区","","12"
"黄陂区","","12"
"新洲区","","12"
"黄石市","华中地区,四线城市","12"
"黄石港区","","12"
"西塞山区","","12"
"下陆区","","12"
"铁山区","","12"
"阳新县","","12"
"大冶市","","12"
"十堰市","华中地区,四线城市","12"
"茅箭区","","12"
"张湾区","","12"
"郧阳区","","12"
"郧西县","","12"
"竹山县","","12"
"竹溪县","","12"
"房县","","12"
"丹江口市","","12"
"宜昌市","三线城市,华中地区","12"
"西陵区","","12"
"伍家岗区","","12"
"点军区","","12"
"猇亭区","","12"
"夷陵区","","12"
"远安县","","12"
"兴山县","","12"
"秭归县","","12"
"长阳土家族自治县","","12"
"五峰土家族自治县","","12"
"宜都市","","12"
"当阳市","","12"
"枝江市","","12"
"襄阳市","三线城市,华中地区","12"
"襄城区","","12"
"樊城区","","12"
"襄州区","","12"
"南漳县","","12"
"谷城县","","12"
"保康县","","12"
"老河口市","","12"
"枣阳市","","12"
"宜城市","","12"
"鄂州市","五线城市,华中地区","12"
"梁子湖区","","12"
"华容区","","12"
"鄂城区","","12"
"荆门市","五线城市,华中地区","12"
"东宝区","","12"
"掇刀区","","12"
"京山县","","12"
"沙洋县","","12"
"钟祥市","","12"
"孝感市","华中地区,四线城市","12"
"孝南区","","12"
"孝昌县","","12"
"大悟县","","12"
"云梦县","","12"
"应城市","","12"
"安陆市","","12"
"汉川市","","12"
"荆州市","三线城市,华中地区","12"
"沙市区","","12"
"荆州区","","12"
"公安县","","12"
"监利县","","12"
"江陵县","","12"
"石首市","","12"
"洪湖市","","12"
"松滋市","","12"
"黄冈市","三线城市,华中地区","12"
"黄州区","","12"
"团风县","","12"
"红安县","","12"
"罗田县","","12"
"英山县","","12"
"浠水县","","12"
"蕲春县","","12"
"黄梅县","","12"
"麻城市","","12"
"武穴市","","12"
"咸宁市","华中地区,四线城市","12"
"咸安区","","12"
"嘉鱼县","","12"
"通城县","","12"
"崇阳县","","12"
"通山县","","12"
"赤壁市","","12"
"随州市","五线城市,华中地区","12"
"曾都区","","12"
"随县","","12"
"广水市","","12"
"恩施土家族苗族自治州","五线城市,华中地区","12"
"恩施市","","12"
"利川市","","12"
"建始县","","12"
"巴东县","","12"
"宣恩县","","12"
"咸丰县","","12"
"来凤县","","12"
"鹤峰县","","12"
"仙桃市","华中地区","12"
"潜江市","华中地区","12"
"天门市","华中地区","12"
"神农架林区","华中地区","12"
"湖南省","","12"
"长沙市","华中地区,新一线城市","12"
"芙蓉区","","12"
"天心区","","12"
"岳麓区","","12"
"开福区","","12"
"雨花区","","12"
"望城区","","12"
"长沙县","","12"
"宁乡县","","12"
"浏阳市","","12"
"株洲市","三线城市,华中地区","12"
"荷塘区","","12"
"芦淞区","","12"
"石峰区","","12"
"天元区","","12"
"株洲县","","12"
"攸县","","12"
"茶陵县","","12"
"炎陵县","","12"
"醴陵市","","12"
"湘潭市","三线城市,华中地区","12"
"雨湖区","","12"
"岳塘区","","12"
"湘潭县","","12"
"湘乡市","","12"
"韶山市","","12"
"衡阳市","三线城市,华中地区","12"
"珠晖区","","12"
"雁峰区","","12"
"石鼓区","","12"
"蒸湘区","","12"
"南岳区","","12"
"衡阳县","","12"
"衡南县","","12"
"衡山县","","12"
"衡东县","","12"
"祁东县","","12"
"耒阳市","","12"
"常宁市","","12"
"邵阳市","华中地区,四线城市","12"
"双清区","","12"
"大祥区","","12"
"北塔区","","12"
"邵东县","","12"
"新邵县","","12"
"邵阳县","","12"
"隆回县","","12"
"洞口县","","12"
"绥宁县","","12"
"新宁县","","12"
"城步苗族自治县","","12"
"武冈市","","12"
"岳阳市","三线城市,华中地区","12"
"岳阳楼区","","12"
"云溪区","","12"
"君山区","","12"
"岳阳县","","12"
"华容县","","12"
"湘阴县","","12"
"平江县","","12"
"汨罗市","","12"
"临湘市","","12"
"常德市","三线城市,华中地区","12"
"武陵区","","12"
"鼎城区","","12"
"安乡县","","12"
"汉寿县","","12"
"澧县","","12"
"临澧县","","12"
"桃源县","","12"
"石门县","","12"
"津市市","","12"
"张家界市","五线城市,华中地区","12"
"张家界市永定区","","12"
"武陵源区","","12"
"慈利县","","12"
"桑植县","","12"
"益阳市","华中地区,四线城市","12"
"资阳区","","12"
"赫山区","","12"
"南县","","12"
"桃江县","","12"
"安化县","","12"
"沅江市","","12"
"郴州市","华中地区,四线城市","12"
"北湖区","","12"
"苏仙区","","12"
"桂阳县","","12"
"宜章县","","12"
"永兴县","","12"
"嘉禾县","","12"
"临武县","","12"
"汝城县","","12"
"桂东县","","12"
"安仁县","","12"
"资兴市","","12"
"永州市","华中地区,四线城市","12"
"零陵区","","12"
"冷水滩区","","12"
"祁阳县","","12"
"东安县","","12"
"双牌县","","12"
"道县","","12"
"江永县","","12"
"宁远县","","12"
"蓝山县","","12"
"新田县","","12"
"江华瑶族自治县","","12"
"怀化市","华中地区,四线城市","12"
"鹤城区","","12"
"中方县","","12"
"沅陵县","","12"
"辰溪县","","12"
"溆浦县","","12"
"会同县","","12"
"麻阳苗族自治县","","12"
"新晃侗族自治县","","12"
"芷江侗族自治县","","12"
"靖州苗族侗族自治县","","12"
"通道侗族自治县","","12"
"洪江市","","12"
"娄底市","华中地区,四线城市","12"
"娄星区","","12"
"双峰县","","12"
"新化县","","12"
"冷水江市","","12"
"涟源市","","12"
"湘西土家族苗族自治州","五线城市,华中地区","12"
"吉首市","","12"
"泸溪县","","12"
"凤凰县","","12"
"花垣县","","12"
"保靖县","","12"
"古丈县","","12"
"永顺县","","12"
"龙山县","","12"
"广东省","华南地区,闽粤赣","12"
"广州市","一线城市,北上广,北上广深,珠三角","12"
"荔湾区","","12"
"越秀区","","12"
"海珠区","","12"
"天河区","","12"
"广州市白云区","","12"
"黄埔区","","12"
"番禺区","","12"
"花都区","","12"
"南沙区","","12"
"从化区","","12"
"增城区","","12"
"韶关市","四线城市","12"
"武江区","","12"
"浈江区","","12"
"曲江区","","12"
"始兴县","","12"
"仁化县","","12"
"翁源县","","12"
"乳源瑶族自治县","","12"
"新丰县","","12"
"乐昌市","","12"
"南雄市","","12"
"深圳市","一线城市,北上广深,珠三角","12"
"罗湖区","","12"
"福田区","","12"
"深圳市南山区","","12"
"深圳市龙华区","","12"
"宝安区","","12"
"龙岗区","","12"
"盐田区","","12"
"珠海市","三线城市,珠三角","12"
"香洲区","","12"
"斗门区","","12"
"金湾区","","12"
"汕头市","三线城市,潮汕地区","12"
"龙湖区","","12"
"金平区","","12"
"濠江区","","12"
"潮阳区","","12"
"潮南区","","12"
"澄海区","","12"
"南澳县","","12"
"佛山市","二线城市,珠三角","12"
"禅城区","","12"
"南海区","","12"
"顺德区","","12"
"三水区","","12"
"高明区","","12"
"江门市","三线城市,珠三角","12"
"蓬江区","","12"
"江海区","","12"
"新会区","","12"
"台山市","","12"
"开平市","","12"
"鹤山市","","12"
"恩平市","","12"
"湛江市","三线城市","12"
"赤坎区","","12"
"霞山区","","12"
"坡头区","","12"
"麻章区","","12"
"遂溪县","","12"
"徐闻县","","12"
"廉江市","","12"
"雷州市","","12"
"吴川市","","12"
"茂名市","四线城市","12"
"茂南区","","12"
"电白区","","12"
"高州市","","12"
"化州市","","12"
"信宜市","","12"
"肇庆市","三线城市,珠三角","12"
"端州区","","12"
"鼎湖区","","12"
"高要区","","12"
"广宁县","","12"
"怀集县","","12"
"封开县","","12"
"德庆县","","12"
"四会市","","12"
"惠州市","二线城市,珠三角","12"
"惠城区","","12"
"惠阳区","","12"
"博罗县","","12"
"惠东县","","12"
"龙门县","","12"
"梅州市","四线城市","12"
"梅江区","","12"
"梅县区","","12"
"大埔县","","12"
"丰顺县","","12"
"五华县","","12"
"平远县","","12"
"蕉岭县","","12"
"兴宁市","","12"
"汕尾市","四线城市,潮汕地区,珠三角","12"
"海丰县","","12"
"陆河县","","12"
"陆丰市","","12"
"河源市","四线城市,珠三角","12"
"源城区","","12"
"紫金县","","12"
"龙川县","","12"
"连平县","","12"
"和平县","","12"
"东源县","","12"
"阳江市","四线城市,珠三角","12"
"江城区","","12"
"阳东区","","12"
"阳西县","","12"
"阳春市","","12"
"清远市","四线城市,珠三角","12"
"清城区","","12"
"清新区","","12"
"佛冈县","","12"
"阳山县","","12"
"连山壮族瑶族自治县","","12"
"连南瑶族自治县","","12"
"英德市","","12"
"连州市","","12"
"东莞市","新一线城市,珠三角","12"
"中山市","二线城市,珠三角","12"
"潮州市","三线城市,潮汕地区","12"
"湘桥区","","12"
"潮安区","","12"
"饶平县","","12"
"揭阳市","三线城市,潮汕地区","12"
"榕城区","","12"
"揭东区","","12"
"揭西县","","12"
"惠来县","","12"
"普宁市","","12"
"云浮市","五线城市,珠三角","12"
"云城区","","12"
"云安区","","12"
"新兴县","","12"
"郁南县","","12"
"罗定市","","12"
"广西壮族自治区","华南地区","12"
"南宁市","二线城市","12"
"兴宁区","","12"
"青秀区","","12"
"江南区","","12"
"西乡塘区","","12"
"良庆区","","12"
"邕宁区","","12"
"武鸣区","","12"
"隆安县","","12"
"马山县","","12"
"上林县","","12"
"宾阳县","","12"
"横县","","12"
"柳州市","三线城市","12"
"柳州市城中区","","12"
"鱼峰区","","12"
"柳南区","","12"
"柳北区","","12"
"柳江县","","12"
"柳城县","","12"
"鹿寨县","","12"
"融安县","","12"
"融水苗族自治县","","12"
"三江侗族自治县","","12"
"桂林市","三线城市","12"
"秀峰区","","12"
"叠彩区","","12"
"象山区","","12"
"七星区","","12"
"雁山区","","12"
"临桂区","","12"
"阳朔县","","12"
"灵川县","","12"
"全州县","","12"
"兴安县","","12"
"永福县","","12"
"灌阳县","","12"
"龙胜各族自治县","","12"
"资源县","","12"
"平乐县","","12"
"荔浦县","","12"
"恭城瑶族自治县","","12"
"梧州市","五线城市","12"
"万秀区","","12"
"长洲区","","12"
"龙圩区","","12"
"苍梧县","","12"
"藤县","","12"
"蒙山县","","12"
"岑溪市","","12"
"北海市","四线城市","12"
"海城区","","12"
"银海区","","12"
"铁山港区","","12"
"合浦县","","12"
"防城港市","五线城市","12"
"港口区","","12"
"防城区","","12"
"上思县","","12"
"东兴市","","12"
"钦州市","五线城市","12"
"钦南区","","12"
"钦北区","","12"
"灵山县","","12"
"浦北县","","12"
"贵港市","五线城市","12"
"港北区","","12"
"港南区","","12"
"覃塘区","","12"
"平南县","","12"
"桂平市","","12"
"玉林市","四线城市","12"
"玉州区","","12"
"福绵区","","12"
"容县","","12"
"陆川县","","12"
"博白县","","12"
"兴业县","","12"
"北流市","","12"
"百色市","五线城市","12"
"右江区","","12"
"田阳县","","12"
"田东县","","12"
"平果县","","12"
"德保县","","12"
"那坡县","","12"
"凌云县","","12"
"乐业县","","12"
"田林县","","12"
"西林县","","12"
"隆林各族自治县","","12"
"靖西市","","12"
"贺州市","五线城市","12"
"八步区","","12"
"昭平县","","12"
"钟山县","","12"
"富川瑶族自治县","","12"
"河池市","五线城市","12"
"金城江区","","12"
"南丹县","","12"
"天峨县","","12"
"凤山县","","12"
"东兰县","","12"
"罗城仫佬族自治县","","12"
"环江毛南族自治县","","12"
"巴马瑶族自治县","","12"
"都安瑶族自治县","","12"
"大化瑶族自治县","","12"
"宜州市","","12"
"来宾市","五线城市","12"
"兴宾区","","12"
"忻城县","","12"
"象州县","","12"
"武宣县","","12"
"金秀瑶族自治县","","12"
"合山市","","12"
"崇左市","五线城市","12"
"江州区","","12"
"扶绥县","","12"
"宁明县","","12"
"龙州县","","12"
"大新县","","12"
"天等县","","12"
"凭祥市","","12"
"海南省","华南地区","12"
"海口市","三线城市","12"
"秀英区","","12"
"海口市龙华区","","12"
"琼山区","","12"
"美兰区","","12"
"三亚市","三线城市","12"
"海棠区","","12"
"吉阳区","","12"
"天涯区","","12"
"崖州区","","12"
"三沙市","五线城市","12"
"西沙群岛","","12"
"南沙群岛","","12"
"中沙群岛的岛礁及其海域","","12"
"五指山市","","12"
"琼海市","","12"
"儋州市","五线城市","12"
"文昌市","","12"
"万宁市","","12"
"东方市","","12"
"定安县","","12"
"屯昌县","","12"
"澄迈县","","12"
"临高县","","12"
"白沙黎族自治县","","12"
"昌江黎族自治县","","12"
"乐东黎族自治县","","12"
"陵水黎族自治县","","12"
"保亭黎族苗族自治县","","12"
"琼中黎族苗族自治县","","12"
"重庆市","新一线城市,西南地区","12"
"万州区","","12"
"涪陵区","","12"
"渝中区","","12"
"大渡口区","","12"
"重庆市江北区","","12"
"沙坪坝区","","12"
"九龙坡区","","12"
"南岸区","","12"
"北碚区","","12"
"綦江区","","12"
"大足区","","12"
"渝北区","","12"
"巴南区","","12"
"黔江区","","12"
"长寿区","","12"
"江津区","","12"
"合川区","","12"
"永川区","","12"
"南川区","","12"
"璧山区","","12"
"铜梁区","","12"
"潼南区","","12"
"荣昌区","","12"
"梁平县","","12"
"城口县","","12"
"丰都县","","12"
"垫江县","","12"
"武隆县","","12"
"忠县","","12"
"开县","","12"
"云阳县","","12"
"奉节县","","12"
"巫山县","","12"
"巫溪县","","12"
"石柱土家族自治县","","12"
"秀山土家族苗族自治县","","12"
"酉阳土家族苗族自治县","","12"
"彭水苗族土家族自治县","","12"
"四川省","云贵川,西南地区","12"
"成都市","新一线城市","12"
"锦江区","","12"
"青羊区","","12"
"金牛区","","12"
"武侯区","","12"
"成华区","","12"
"龙泉驿区","","12"
"青白江区","","12"
"新都区","","12"
"温江区","","12"
"金堂县","","12"
"双流县","","12"
"郫县","","12"
"大邑县","","12"
"蒲江县","","12"
"新津县","","12"
"都江堰市","","12"
"彭州市","","12"
"邛崃市","","12"
"崇州市","","12"
"自贡市","五线城市","12"
"自流井区","","12"
"贡井区","","12"
"大安区","","12"
"沿滩区","","12"
"荣县","","12"
"富顺县","","12"
"攀枝花市","五线城市","12"
"东区","","12"
"西区","","12"
"仁和区","","12"
"米易县","","12"
"盐边县","","12"
"泸州市","四线城市","12"
"江阳区","","12"
"纳溪区","","12"
"龙马潭区","","12"
"泸县","","12"
"合江县","","12"
"叙永县","","12"
"古蔺县","","12"
"德阳市","三线城市","12"
"旌阳区","","12"
"中江县","","12"
"罗江县","","12"
"广汉市","","12"
"什邡市","","12"
"绵竹市","","12"
"绵阳市","三线城市","12"
"涪城区","","12"
"游仙区","","12"
"三台县","","12"
"盐亭县","","12"
"安县","","12"
"梓潼县","","12"
"北川羌族自治县","","12"
"平武县","","12"
"江油市","","12"
"广元市","五线城市","12"
"利州区","","12"
"昭化区","","12"
"朝天区","","12"
"旺苍县","","12"
"青川县","","12"
"剑阁县","","12"
"苍溪县","","12"
"遂宁市","四线城市","12"
"船山区","","12"
"安居区","","12"
"蓬溪县","","12"
"射洪县","","12"
"大英县","","12"
"内江市","四线城市","12"
"内江市市中区","","12"
"东兴区","","12"
"威远县","","12"
"资中县","","12"
"隆昌县","","12"
"乐山市","四线城市","12"
"乐山市市中区","","12"
"沙湾区","","12"
"五通桥区","","12"
"金口河区","","12"
"犍为县","","12"
"井研县","","12"
"夹江县","","12"
"沐川县","","12"
"峨边彝族自治县","","12"
"马边彝族自治县","","12"
"峨眉山市","","12"
"南充市","四线城市","12"
"顺庆区","","12"
"高坪区","","12"
"嘉陵区","","12"
"南部县","","12"
"营山县","","12"
"蓬安县","","12"
"仪陇县","","12"
"西充县","","12"
"阆中市","","12"
"眉山市","四线城市","12"
"东坡区","","12"
"彭山区","","12"
"仁寿县","","12"
"洪雅县","","12"
"丹棱县","","12"
"青神县","","12"
"宜宾市","四线城市","12"
"翠屏区","","12"
"南溪区","","12"
"宜宾县","","12"
"江安县","","12"
"长宁县","","12"
"高县","","12"
"珙县","","12"
"筠连县","","12"
"兴文县","","12"
"屏山县","","12"
"广安市","五线城市","12"
"广安区","","12"
"前锋区","","12"
"岳池县","","12"
"武胜县","","12"
"邻水县","","12"
"华蓥市","","12"
"达州市","五线城市","12"
"通川区","","12"
"达川区","","12"
"宣汉县","","12"
"开江县","","12"
"大竹县","","12"
"渠县","","12"
"万源市","","12"
"雅安市","五线城市","12"
"雨城区","","12"
"名山区","","12"
"荥经县","","12"
"汉源县","","12"
"石棉县","","12"
"天全县","","12"
"芦山县","","12"
"宝兴县","","12"
"巴中市","五线城市","12"
"巴州区","","12"
"恩阳区","","12"
"通江县","","12"
"南江县","","12"
"平昌县","","12"
"资阳市","五线城市","12"
"雁江区","","12"
"安岳县","","12"
"乐至县","","12"
"简阳市","","12"
"阿坝藏族羌族自治州","五线城市","12"
"汶川县","","12"
"理县","","12"
"茂县","","12"
"松潘县","","12"
"九寨沟县","","12"
"金川县","","12"
"小金县","","12"
"黑水县","","12"
"马尔康县","","12"
"壤塘县","","12"
"阿坝县","","12"
"若尔盖县","","12"
"红原县","","12"
"甘孜藏族自治州","五线城市","12"
"康定市","","12"
"泸定县","","12"
"丹巴县","","12"
"九龙县","","12"
"雅江县","","12"
"道孚县","","12"
"炉霍县","","12"
"甘孜县","","12"
"新龙县","","12"
"德格县","","12"
"白玉县","","12"
"石渠县","","12"
"色达县","","12"
"理塘县","","12"
"巴塘县","","12"
"乡城县","","12"
"稻城县","","12"
"得荣县","","12"
"凉山彝族自治州","五线城市","12"
"西昌市","","12"
"木里藏族自治县","","12"
"盐源县","","12"
"德昌县","","12"
"会理县","","12"
"会东县","","12"
"宁南县","","12"
"普格县","","12"
"布拖县","","12"
"金阳县","","12"
"昭觉县","","12"
"喜德县","","12"
"冕宁县","","12"
"越西县","","12"
"甘洛县","","12"
"美姑县","","12"
"雷波县","","12"
"贵州省","云贵川,西南地区","12"
"贵阳市","二线城市","12"
"南明区","","12"
"云岩区","","12"
"花溪区","","12"
"乌当区","","12"
"贵阳市白云区","","12"
"观山湖区","","12"
"开阳县","","12"
"息烽县","","12"
"修文县","","12"
"清镇市","","12"
"六盘水市","五线城市","12"
"钟山区","","12"
"六枝特区","","12"
"水城县","","12"
"盘县","","12"
"遵义市","三线城市","12"
"红花岗区","","12"
"汇川区","","12"
"遵义县","","12"
"桐梓县","","12"
"绥阳县","","12"
"正安县","","12"
"道真仡佬族苗族自治县","","12"
"务川仡佬族苗族自治县","","12"
"凤冈县","","12"
"湄潭县","","12"
"余庆县","","12"
"习水县","","12"
"赤水市","","12"
"仁怀市","","12"
"安顺市","四线城市","12"
"西秀区","","12"
"平坝区","","12"
"普定县","","12"
"镇宁布依族苗族自治县","","12"
"关岭布依族苗族自治县","","12"
"紫云苗族布依族自治县","","12"
"毕节市","四线城市","12"
"七星关区","","12"
"大方县","","12"
"黔西县","","12"
"金沙县","","12"
"织金县","","12"
"纳雍县","","12"
"威宁彝族回族苗族自治县","","12"
"赫章县","","12"
"铜仁市","四线城市","12"
"碧江区","","12"
"万山区","","12"
"江口县","","12"
"玉屏侗族自治县","","12"
"石阡县","","12"
"思南县","","12"
"印江土家族苗族自治县","","12"
"德江县","","12"
"沿河土家族自治县","","12"
"松桃苗族自治县","","12"
"黔西南布依族苗族自治州","五线城市","12"
"兴义市","","12"
"兴仁县","","12"
"普安县","","12"
"晴隆县","","12"
"贞丰县","","12"
"望谟县","","12"
"册亨县","","12"
"安龙县","","12"
"黔东南苗族侗族自治州","四线城市","12"
"凯里市","","12"
"黄平县","","12"
"施秉县","","12"
"三穗县","","12"
"镇远县","","12"
"岑巩县","","12"
"天柱县","","12"
"锦屏县","","12"
"剑河县","","12"
"台江县","","12"
"黎平县","","12"
"榕江县","","12"
"从江县","","12"
"雷山县","","12"
"麻江县","","12"
"丹寨县","","12"
"黔南布依族苗族自治州","四线城市","12"
"都匀市","","12"
"福泉市","","12"
"荔波县","","12"
"贵定县","","12"
"瓮安县","","12"
"独山县","","12"
"平塘县","","12"
"罗甸县","","12"
"长顺县","","12"
"龙里县","","12"
"惠水县","","12"
"三都水族自治县","","12"
"云南省","云藏青,云贵川,西南地区","12"
"昆明市","二线城市","12"
"五华区","","12"
"盘龙区","","12"
"官渡区","","12"
"西山区","","12"
"东川区","","12"
"呈贡区","","12"
"晋宁县","","12"
"富民县","","12"
"宜良县","","12"
"石林彝族自治县","","12"
"嵩明县","","12"
"禄劝彝族苗族自治县","","12"
"寻甸回族彝族自治县","","12"
"安宁市","","12"
"曲靖市","三线城市","12"
"麒麟区","","12"
"马龙县","","12"
"陆良县","","12"
"师宗县","","12"
"罗平县","","12"
"富源县","","12"
"会泽县","","12"
"沾益县","","12"
"宣威市","","12"
"玉溪市","四线城市","12"
"红塔区","","12"
"江川县","","12"
"澄江县","","12"
"通海县","","12"
"华宁县","","12"
"易门县","","12"
"峨山彝族自治县","","12"
"新平彝族傣族自治县","","12"
"元江哈尼族彝族傣族自治县","","12"
"保山市","五线城市","12"
"隆阳区","","12"
"施甸县","","12"
"龙陵县","","12"
"昌宁县","","12"
"腾冲市","","12"
"昭通市","五线城市","12"
"昭阳区","","12"
"鲁甸县","","12"
"巧家县","","12"
"盐津县","","12"
"大关县","","12"
"永善县","","12"
"绥江县","","12"
"镇雄县","","12"
"彝良县","","12"
"威信县","","12"
"水富县","","12"
"丽江市","四线城市","12"
"古城区","","12"
"玉龙纳西族自治县","","12"
"永胜县","","12"
"华坪县","","12"
"宁蒗彝族自治县","","12"
"普洱市","五线城市","12"
"思茅区","","12"
"宁洱哈尼族彝族自治县","","12"
"墨江哈尼族自治县","","12"
"景东彝族自治县","","12"
"景谷傣族彝族自治县","","12"
"镇沅彝族哈尼族拉祜族自治县","","12"
"江城哈尼族彝族自治县","","12"
"孟连傣族拉祜族佤族自治县","","12"
"澜沧拉祜族自治县","","12"
"西盟佤族自治县","","12"
"临沧市","五线城市","12"
"临翔区","","12"
"凤庆县","","12"
"云县","","12"
"永德县","","12"
"镇康县","","12"
"双江拉祜族佤族布朗族傣族自治县","","12"
"耿马傣族佤族自治县","","12"
"沧源佤族自治县","","12"
"楚雄彝族自治州","五线城市","12"
"楚雄市","","12"
"双柏县","","12"
"牟定县","","12"
"南华县","","12"
"姚安县","","12"
"大姚县","","12"
"永仁县","","12"
"元谋县","","12"
"武定县","","12"
"禄丰县","","12"
"红河哈尼族彝族自治州","四线城市","12"
"个旧市","","12"
"开远市","","12"
"蒙自市","","12"
"弥勒市","","12"
"屏边苗族自治县","","12"
"建水县","","12"
"石屏县","","12"
"泸西县","","12"
"元阳县","","12"
"红河县","","12"
"金平苗族瑶族傣族自治县","","12"
"绿春县","","12"
"河口瑶族自治县","","12"
"文山壮族苗族自治州","五线城市","12"
"文山市","","12"
"砚山县","","12"
"西畴县","","12"
"麻栗坡县","","12"
"马关县","","12"
"丘北县","","12"
"广南县","","12"
"富宁县","","12"
"西双版纳傣族自治州","五线城市","12"
"景洪市","","12"
"勐海县","","12"
"勐腊县","","12"
"大理白族自治州","四线城市","12"
"大理市","","12"
"漾濞彝族自治县","","12"
"祥云县","","12"
"宾川县","","12"
"弥渡县","","12"
"南涧彝族自治县","","12"
"巍山彝族回族自治县","","12"
"永平县","","12"
"云龙县","","12"
"洱源县","","12"
"剑川县","","12"
"鹤庆县","","12"
"德宏傣族景颇族自治州","五线城市","12"
"瑞丽市","","12"
"芒市","","12"
"梁河县","","12"
"盈江县","","12"
"陇川县","","12"
"怒江傈僳族自治州","五线城市","12"
"泸水县","","12"
"福贡县","","12"
"贡山独龙族怒族自治县","","12"
"兰坪白族普米族自治县","","12"
"迪庆藏族自治州","五线城市","12"
"香格里拉市","","12"
"德钦县","","12"
"维西傈僳族自治县","","12"
"西藏自治区","云藏青,西南地区","12"
"拉萨市","五线城市","12"
"拉萨市城关区","","12"
"林周县","","12"
"当雄县","","12"
"尼木县","","12"
"曲水县","","12"
"堆龙德庆县","","12"
"达孜县","","12"
"墨竹工卡县","","12"
"日喀则市","五线城市","12"
"桑珠孜区","","12"
"南木林县","","12"
"江孜县","","12"
"定日县","","12"
"萨迦县","","12"
"拉孜县","","12"
"昂仁县","","12"
"谢通门县","","12"
"白朗县","","12"
"仁布县","","12"
"康马县","","12"
"定结县","","12"
"仲巴县","","12"
"亚东县","","12"
"吉隆县","","12"
"聂拉木县","","12"
"萨嘎县","","12"
"岗巴县","","12"
"昌都市","五线城市","12"
"卡若区","","12"
"江达县","","12"
"贡觉县","","12"
"类乌齐县","","12"
"丁青县","","12"
"察雅县","","12"
"八宿县","","12"
"左贡县","","12"
"芒康县","","12"
"洛隆县","","12"
"边坝县","","12"
"林芝市","五线城市","12"
"巴宜区","","12"
"工布江达县","","12"
"米林县","","12"
"墨脱县","","12"
"波密县","","12"
"察隅县","","12"
"朗县","","12"
"山南地区","五线城市","12"
"乃东县","","12"
"扎囊县","","12"
"贡嘎县","","12"
"桑日县","","12"
"琼结县","","12"
"曲松县","","12"
"措美县","","12"
"洛扎县","","12"
"加查县","","12"
"隆子县","","12"
"错那县","","12"
"浪卡子县","","12"
"那曲地区","五线城市","12"
"那曲县","","12"
"嘉黎县","","12"
"比如县","","12"
"聂荣县","","12"
"安多县","","12"
"申扎县","","12"
"索县","","12"
"班戈县","","12"
"巴青县","","12"
"尼玛县","","12"
"双湖县","","12"
"阿里地区","五线城市","12"
"普兰县","","12"
"札达县","","12"
"噶尔县","","12"
"日土县","","12"
"革吉县","","12"
"改则县","","12"
"措勤县","","12"
"陕西省","西北地区,陕甘宁","12"
"西安市","新一线城市","12"
"西安市新城区","","12"
"碑林区","","12"
"莲湖区","","12"
"灞桥区","","12"
"未央区","","12"
"雁塔区","","12"
"阎良区","","12"
"临潼区","","12"
"西安市长安区","","12"
"高陵区","","12"
"蓝田县","","12"
"周至县","","12"
"户县","","12"
"铜川市","五线城市","12"
"王益区","","12"
"印台区","","12"
"耀州区","","12"
"宜君县","","12"
"宝鸡市","四线城市","12"
"渭滨区","","12"
"金台区","","12"
"陈仓区","","12"
"凤翔县","","12"
"岐山县","","12"
"扶风县","","12"
"眉县","","12"
"陇县","","12"
"千阳县","","12"
"麟游县","","12"
"凤县","","12"
"太白县","","12"
"咸阳市","三线城市","12"
"秦都区","","12"
"杨陵区","","12"
"渭城区","","12"
"三原县","","12"
"泾阳县","","12"
"乾县","","12"
"礼泉县","","12"
"永寿县","","12"
"彬县","","12"
"长武县","","12"
"旬邑县","","12"
"淳化县","","12"
"武功县","","12"
"兴平市","","12"
"渭南市","四线城市","12"
"临渭区","","12"
"华县","","12"
"潼关县","","12"
"大荔县","","12"
"合阳县","","12"
"澄城县","","12"
"蒲城县","","12"
"白水县","","12"
"富平县","","12"
"韩城市","","12"
"华阴市","","12"
"延安市","五线城市","12"
"宝塔区","","12"
"延长县","","12"
"延川县","","12"
"子长县","","12"
"安塞县","","12"
"志丹县","","12"
"吴起县","","12"
"甘泉县","","12"
"富县","","12"
"洛川县","","12"
"宜川县","","12"
"黄龙县","","12"
"黄陵县","","12"
"汉中市","五线城市","12"
"汉台区","","12"
"南郑县","","12"
"城固县","","12"
"洋县","","12"
"西乡县","","12"
"勉县","","12"
"宁强县","","12"
"略阳县","","12"
"镇巴县","","12"
"留坝县","","12"
"佛坪县","","12"
"榆林市","四线城市","12"
"榆阳区","","12"
"神木县","","12"
"府谷县","","12"
"横山县","","12"
"靖边县","","12"
"定边县","","12"
"绥德县","","12"
"米脂县","","12"
"佳县","","12"
"吴堡县","","12"
"清涧县","","12"
"子洲县","","12"
"安康市","五线城市","12"
"汉滨区","","12"
"汉阴县","","12"
"石泉县","","12"
"宁陕县","","12"
"紫阳县","","12"
"岚皋县","","12"
"平利县","","12"
"镇坪县","","12"
"旬阳县","","12"
"白河县","","12"
"商洛市","五线城市","12"
"商州区","","12"
"洛南县","","12"
"丹凤县","","12"
"商南县","","12"
"山阳县","","12"
"镇安县","","12"
"柞水县","","12"
"甘肃省","西北地区,陕甘宁","12"
"兰州市","二线城市","12"
"兰州市城关区","","12"
"七里河区","","12"
"西固区","","12"
"安宁区","","12"
"红古区","","12"
"永登县","","12"
"皋兰县","","12"
"榆中县","","12"
"嘉峪关市","五线城市","12"
"金昌市","五线城市","12"
"金川区","","12"
"永昌县","","12"
"白银市","五线城市","12"
"白银区","","12"
"平川区","","12"
"靖远县","","12"
"会宁县","","12"
"景泰县","","12"
"天水市","五线城市","12"
"秦州区","","12"
"麦积区","","12"
"清水县","","12"
"秦安县","","12"
"甘谷县","","12"
"武山县","","12"
"张家川回族自治县","","12"
"武威市","五线城市","12"
"凉州区","","12"
"民勤县","","12"
"古浪县","","12"
"天祝藏族自治县","","12"
"张掖市","五线城市","12"
"甘州区","","12"
"肃南裕固族自治县","","12"
"民乐县","","12"
"临泽县","","12"
"高台县","","12"
"山丹县","","12"
"平凉市","五线城市","12"
"崆峒区","","12"
"泾川县","","12"
"灵台县","","12"
"崇信县","","12"
"华亭县","","12"
"庄浪县","","12"
"静宁县","","12"
"酒泉市","五线城市","12"
"肃州区","","12"
"金塔县","","12"
"瓜州县","","12"
"肃北蒙古族自治县","","12"
"阿克塞哈萨克族自治县","","12"
"玉门市","","12"
"敦煌市","","12"
"庆阳市","五线城市","12"
"西峰区","","12"
"庆城县","","12"
"环县","","12"
"华池县","","12"
"合水县","","12"
"正宁县","","12"
"宁县","","12"
"镇原县","","12"
"定西市","五线城市","12"
"安定区","","12"
"通渭县","","12"
"陇西县","","12"
"渭源县","","12"
"临洮县","","12"
"漳县","","12"
"岷县","","12"
"陇南市","五线城市","12"
"武都区","","12"
"成县","","12"
"文县","","12"
"宕昌县","","12"
"康县","","12"
"西和县","","12"
"礼县","","12"
"徽县","","12"
"两当县","","12"
"临夏回族自治州","五线城市","12"
"临夏市","","12"
"临夏县","","12"
"康乐县","","12"
"永靖县","","12"
"广河县","","12"
"和政县","","12"
"东乡族自治县","","12"
"积石山保安族东乡族撒拉族自治县","","12"
"甘南藏族自治州","五线城市","12"
"合作市","","12"
"临潭县","","12"
"卓尼县","","12"
"舟曲县","","12"
"迭部县","","12"
"玛曲县","","12"
"碌曲县","","12"
"夏河县","","12"
"青海省","云藏青,西北地区","12"
"西宁市","三线城市","12"
"城东区","","12"
"西宁市城中区","","12"
"城西区","","12"
"城北区","","12"
"大通回族土族自治县","","12"
"湟中县","","12"
"湟源县","","12"
"海东市","五线城市","12"
"乐都区","","12"
"平安区","","12"
"民和回族土族自治县","","12"
"互助土族自治县","","12"
"化隆回族自治县","","12"
"循化撒拉族自治县","","12"
"海北藏族自治州","五线城市","12"
"门源回族自治县","","12"
"祁连县","","12"
"海晏县","","12"
"刚察县","","12"
"黄南藏族自治州","五线城市","12"
"同仁县","","12"
"尖扎县","","12"
"泽库县","","12"
"河南蒙古族自治县","","12"
"海南藏族自治州","五线城市","12"
"共和县","","12"
"同德县","","12"
"贵德县","","12"
"兴海县","","12"
"贵南县","","12"
"果洛藏族自治州","五线城市","12"
"玛沁县","","12"
"班玛县","","12"
"甘德县","","12"
"达日县","","12"
"久治县","","12"
"玛多县","","12"
"玉树藏族自治州","五线城市","12"
"玉树市","","12"
"杂多县","","12"
"称多县","","12"
"治多县","","12"
"囊谦县","","12"
"曲麻莱县","","12"
"海西蒙古族藏族自治州","五线城市","12"
"格尔木市","","12"
"德令哈市","","12"
"乌兰县","","12"
"都兰县","","12"
"天峻县","","12"
"宁夏回族自治区","西北地区,陕甘宁","12"
"银川市","三线城市","12"
"兴庆区","","12"
"西夏区","","12"
"金凤区","","12"
"永宁县","","12"
"贺兰县","","12"
"灵武市","","12"
"石嘴山市","五线城市","12"
"大武口区","","12"
"惠农区","","12"
"平罗县","","12"
"吴忠市","五线城市","12"
"利通区","","12"
"红寺堡区","","12"
"盐池县","","12"
"同心县","","12"
"青铜峡市","","12"
"固原市","五线城市","12"
"原州区","","12"
"西吉县","","12"
"隆德县","","12"
"泾源县","","12"
"彭阳县","","12"
"中卫市","五线城市","12"
"沙坡头区","","12"
"中宁县","","12"
"海原县","","12"
"新疆维吾尔自治区","西北地区","12"
"乌鲁木齐市","二线城市","12"
"天山区","","12"
"沙依巴克区","","12"
"新市区","","12"
"水磨沟区","","12"
"头屯河区","","12"
"达坂城区","","12"
"米东区","","12"
"乌鲁木齐县","","12"
"克拉玛依市","五线城市","12"
"独山子区","","12"
"克拉玛依区","","12"
"白碱滩区","","12"
"乌尔禾区","","12"
"吐鲁番市","五线城市","12"
"高昌区","","12"
"鄯善县","","12"
"托克逊县","","12"
"哈密地区","","12"
"哈密市","五线城市","12"
"巴里坤哈萨克自治县","","12"
"伊吾县","","12"
"昌吉回族自治州","五线城市","12"
"昌吉市","","12"
"阜康市","","12"
"呼图壁县","","12"
"玛纳斯县","","12"
"奇台县","","12"
"吉木萨尔县","","12"
"木垒哈萨克自治县","","12"
"博尔塔拉蒙古自治州","五线城市","12"
"博乐市","","12"
"阿拉山口市","","12"
"精河县","","12"
"温泉县","","12"
"巴音郭楞蒙古自治州","五线城市","12"
"库尔勒市","","12"
"轮台县","","12"
"尉犁县","","12"
"若羌县","","12"
"且末县","","12"
"焉耆回族自治县","","12"
"和静县","","12"
"和硕县","","12"
"博湖县","","12"
"阿克苏地区","五线城市","12"
"阿克苏市","","12"
"温宿县","","12"
"库车县","","12"
"沙雅县","","12"
"新和县","","12"
"拜城县","","12"
"乌什县","","12"
"阿瓦提县","","12"
"柯坪县","","12"
"克孜勒苏柯尔克孜自治州","五线城市","12"
"阿图什市","","12"
"阿克陶县","","12"
"阿合奇县","","12"
"乌恰县","","12"
"喀什地区","五线城市","12"
"喀什市","","12"
"疏附县","","12"
"疏勒县","","12"
"英吉沙县","","12"
"泽普县","","12"
"莎车县","","12"
"叶城县","","12"
"麦盖提县","","12"
"岳普湖县","","12"
"伽师县","","12"
"巴楚县","","12"
"塔什库尔干塔吉克自治县","","12"
"和田地区","五线城市","12"
"和田市","","12"
"和田县","","12"
"墨玉县","","12"
"皮山县","","12"
"洛浦县","","12"
"策勒县","","12"
"于田县","","12"
"民丰县","","12"
"伊犁哈萨克自治州","五线城市","12"
"伊宁市","","12"
"奎屯市","","12"
"霍尔果斯市","","12"
"伊宁县","","12"
"察布查尔锡伯自治县","","12"
"霍城县","","12"
"巩留县","","12"
"新源县","","12"
"昭苏县","","12"
"特克斯县","","12"
"尼勒克县","","12"
"塔城地区","五线城市","12"
"塔城市","","12"
"乌苏市","","12"
"额敏县","","12"
"沙湾县","","12"
"托里县","","12"
"裕民县","","12"
"和布克赛尔蒙古自治县","","12"
"阿勒泰地区","五线城市","12"
"阿勒泰市","","12"
"布尔津县","","12"
"富蕴县","","12"
"福海县","","12"
"哈巴河县","","12"
"青河县","","12"
"吉木乃县","","12"
"石河子市","","12"
"阿拉尔市","","12"
"图木舒克市","","12"
"五家渠市","","12"
"台湾省","华东地区,港澳台","12"
"香港特别行政区","华南地区,港澳台,珠三角","12"
"澳门特别行政区","华南地区,港澳台,珠三角","12"
"新加坡","东南亚","12"
"圣荷西","","12"
"巴黎","","12"
"莫斯科","","12"
"巴基斯坦","","12"
"越南","东南亚","12"
"老挝","东南亚","12"
"柬埔寨","东南亚","12"
"缅甸","东南亚","12"
"马来西亚","东南亚","12"
"印度尼西亚","东南亚","12"
"文莱","东南亚","12"
"菲律宾","东南亚","12"
"东帝汶","东南亚","12"
"挪威","欧洲,欧美,欧美韩","12"
"爱尔兰","欧洲,欧美,欧美韩","12"
"比利时","欧洲,欧美,欧美韩","12"
"卢森堡","欧洲,欧美,欧美韩","12"
"奥地利","中欧,欧洲,欧美,欧美韩","12"
"瑞士","中欧,欧洲,欧美,欧美韩","12"
"加拿大","北美,欧美,欧美韩","12"
"澳大利亚","欧美,欧美韩","12"
"新西兰","欧美,欧美韩","12"
"圣马力诺","欧洲","12"
"立陶宛","欧洲","12"
"摩尔多瓦","欧洲","12"
"黑山共和国","欧洲","12"
"马其顿","欧洲","12"
"斯洛文尼亚","欧洲","12"
"摩纳哥","欧洲","12"
"冰岛","欧洲","12"
"马耳他","欧洲","12"
"爱沙尼亚","欧洲","12"
"乌克兰","欧洲","12"
"斯洛伐克","中欧,欧洲","12"
"罗马尼亚","欧洲","12"
"科索沃","欧洲","12"
"阿尔巴尼亚","欧洲","12"
"克罗地亚","欧洲","12"
"列支敦士登","中欧,欧洲","12"
"梵蒂冈","欧洲","12"
"安道尔","欧洲","12"
"拉脱维亚","欧洲","12"
"白俄罗斯","欧洲","12"
"保加利亚","欧洲","12"
"波黑共和国","欧洲","12"
"塞尔维亚","欧洲","12"
"苏丹","中东,非洲","12"
"埃及","中东,非洲","12"
"利比亚","中东,非洲","12"
"突尼斯","中东,非洲","12"
"阿尔及利亚","中东,非洲","12"
"摩洛哥","中东,非洲","12"
"沙特","中东","12"
"伊朗","中东","12"
"科威特","中东","12"
"伊拉克","中东","12"
"阿联酋","中东","12"
"阿曼","中东","12"
"卡塔尔","中东","12"
"巴林","中东","12"
"土耳其","中东","12"
"以色列","中东","12"
"巴勒斯坦","中东","12"
"叙利亚","中东","12"
"黎巴嫩","中东","12"
"约旦","中东","12"
"也门","中东","12"
"塞浦路斯","中东","12"
"埃塞俄比亚","非洲","12"
"安哥拉","非洲","12"
"贝宁","非洲","12"
"博茨瓦纳","非洲","12"
"布基纳法索","非洲","12"
"布隆迪","非洲","12"
"赤道几内亚","非洲","12"
"多哥","非洲","12"
"厄立特里亚","非洲","12"
"佛得角","非洲","12"
"冈比亚","非洲","12"
"刚果","非洲","12"
"刚果民主共和国","非洲","12"
"吉布提","非洲","12"
"几内亚","非洲","12"
"几内亚比绍","非洲","12"
"加纳","非洲","12"
"加蓬","非洲","12"
"津巴布韦","非洲","12"
"喀麦隆","非洲","12"
"科摩罗","非洲","12"
"科特迪瓦","非洲","12"
"肯尼亚","非洲","12"
"莱索托","非洲","12"
"利比里亚","非洲","12"
"卢旺达","非洲","12"
"马达加斯加","非洲","12"
"马拉维","非洲","12"
"马里","非洲","12"
"毛里求斯","非洲","12"
"毛里塔尼亚","非洲","12"
"莫桑比克","非洲","12"
"纳米比亚","非洲","12"
"南非","非洲","12"
"南苏丹","非洲","12"
"尼日尔","非洲","12"
"尼日利亚","非洲","12"
"塞拉利昂","非洲","12"
"塞内加尔","非洲","12"
"塞舌尔","非洲","12"
"圣多美和普林西比","非洲","12"
"斯威士兰","非洲","12"
"索马里","非洲","12"
"坦桑尼亚","非洲","12"
"乌干达","非洲","12"
"赞比亚","非洲","12"
"乍得","非洲","12"
"中非","非洲","12"
"印度","","12"
"哥伦比亚","南美,拉丁美洲","12"
"委内瑞拉","南美,拉丁美洲","12"
"圭亚那","南美,拉丁美洲","12"
"法属圭亚那","南美","12"
"苏里南","南美,拉丁美洲","12"
"厄瓜多尔","南美,拉丁美洲","12"
"秘鲁","南美,拉丁美洲","12"
"玻利维亚","南美,拉丁美洲","12"
"巴西","南美,拉丁美洲","12"
"智利","南美,拉丁美洲","12"
"阿根廷","南美,拉丁美洲","12"
"乌拉圭","南美,拉丁美洲","12"
"巴拉圭","南美,拉丁美洲","12"
"墨西哥","拉丁美洲","12"
"危地马拉","拉丁美洲","12"
"洪都拉斯","拉丁美洲","12"
"萨尔瓦多","拉丁美洲","12"
"尼加拉瓜","拉丁美洲","12"
"哥斯达黎加","拉丁美洲","12"
"巴拿马","拉丁美洲","12"
"古巴","拉丁美洲","12"
"海地","拉丁美洲","12"
"多米尼加","拉丁美洲","12"
"牙买加","拉丁美洲","12"
"特立尼达和多巴哥","拉丁美洲","12"
"巴巴多斯","拉丁美洲","12"
"格林纳达","拉丁美洲","12"
"多米尼加联邦","拉丁美洲","12"
"圣卢西亚","拉丁美洲","12"
"圣文森特和格林纳丁斯","拉丁美洲","12"
"巴哈马","拉丁美洲","12"
"圣基茨和尼维斯","拉丁美洲","12"
"伯利兹","拉丁美洲","12"
"安提瓜和巴布达","拉丁美洲","12"
"休斯敦","","12"
"波士顿","","12"
