"其他海外","001","12"
"中国","156","12"
"捷克","203","12"
"丹麦","208","12"
"芬兰","246","12"
"法国","250","12"
"德国","276","12"
"希腊","300","12"
"匈牙利","348","12"
"意大利","380","12"
"日本","392","12"
"韩国","410","12"
"荷兰","528","12"
"波兰","616","12"
"葡萄牙","620","12"
"俄罗斯","643","12"
"西班牙","724","12"
"瑞典","752","12"
"泰国","764","12"
"英国","826","12"
"美国","840","12"
"北京市","110000","12"
"东城区","110101","12"
"西城区","110102","12"
"北京市朝阳区","110105","12"
"丰台区","110106","12"
"石景山区","110107","12"
"海淀区","110108","12"
"门头沟区","110109","12"
"房山区","110111","12"
"北京市通州区","110112","12"
"顺义区","110113","12"
"昌平区","110114","12"
"大兴区","110115","12"
"怀柔区","110116","12"
"平谷区","110117","12"
"密云县","110228","12"
"延庆县","110229","12"
"天津市","120000","12"
"天津市和平区","120101","12"
"天津市河东区","120102","12"
"河西区","120103","12"
"南开区","120104","12"
"河北区","120105","12"
"红桥区","120106","12"
"东丽区","120110","12"
"西青区","120111","12"
"津南区","120112","12"
"北辰区","120113","12"
"武清区","120114","12"
"宝坻区","120115","12"
"滨海新区","120116","12"
"宁河区","120117","12"
"静海区","120118","12"
"蓟县","120225","12"
"河北省","130000","12"
"石家庄市","130100","12"
"石家庄市长安区","130102","12"
"石家庄市桥西区","130104","12"
"石家庄市新华区","130105","12"
"井陉矿区","130107","12"
"裕华区","130108","12"
"藁城区","130109","12"
"鹿泉区","130110","12"
"栾城区","130111","12"
"井陉县","130121","12"
"正定县","130123","12"
"行唐县","130125","12"
"灵寿县","130126","12"
"高邑县","130127","12"
"深泽县","130128","12"
"赞皇县","130129","12"
"无极县","130130","12"
"平山县","130131","12"
"元氏县","130132","12"
"赵县","130133","12"
"晋州市","130183","12"
"新乐市","130184","12"
"唐山市","130200","12"
"路南区","130202","12"
"路北区","130203","12"
"古冶区","130204","12"
"开平区","130205","12"
"丰南区","130207","12"
"丰润区","130208","12"
"曹妃甸区","130209","12"
"滦县","130223","12"
"滦南县","130224","12"
"乐亭县","130225","12"
"迁西县","130227","12"
"玉田县","130229","12"
"遵化市","130281","12"
"迁安市","130283","12"
"秦皇岛市","130300","12"
"海港区","130302","12"
"山海关区","130303","12"
"北戴河区","130304","12"
"抚宁区","130306","12"
"青龙满族自治县","130321","12"
"昌黎县","130322","12"
"卢龙县","130324","12"
"邯郸市","130400","12"
"邯山区","130402","12"
"丛台区","130403","12"
"复兴区","130404","12"
"峰峰矿区","130406","12"
"邯郸县","130421","12"
"临漳县","130423","12"
"成安县","130424","12"
"大名县","130425","12"
"涉县","130426","12"
"磁县","130427","12"
"肥乡县","130428","12"
"永年县","130429","12"
"邱县","130430","12"
"鸡泽县","130431","12"
"广平县","130432","12"
"馆陶县","130433","12"
"魏县","130434","12"
"曲周县","130435","12"
"武安市","130481","12"
"邢台市","130500","12"
"邢台市桥东区","130502","12"
"邢台市桥西区","130503","12"
"邢台县","130521","12"
"临城县","130522","12"
"内丘县","130523","12"
"柏乡县","130524","12"
"隆尧县","130525","12"
"任县","130526","12"
"南和县","130527","12"
"宁晋县","130528","12"
"巨鹿县","130529","12"
"新河县","130530","12"
"广宗县","130531","12"
"平乡县","130532","12"
"威县","130533","12"
"清河县","130534","12"
"临西县","130535","12"
"南宫市","130581","12"
"沙河市","130582","12"
"保定市","130600","12"
"竞秀区","130602","12"
"莲池区","130606","12"
"满城区","130607","12"
"清苑区","130608","12"
"徐水区","130609","12"
"涞水县","130623","12"
"阜平县","130624","12"
"定兴县","130626","12"
"唐县","130627","12"
"高阳县","130628","12"
"容城县","130629","12"
"涞源县","130630","12"
"望都县","130631","12"
"安新县","130632","12"
"易县","130633","12"
"曲阳县","130634","12"
"蠡县","130635","12"
"顺平县","130636","12"
"博野县","130637","12"
"雄县","130638","12"
"涿州市","130681","12"
"安国市","130683","12"
"高碑店市","130684","12"
"张家口市","130700","12"
"张家口市桥东区","130702","12"
"张家口市桥西区","130703","12"
"宣化区","130705","12"
"下花园区","130706","12"
"宣化县","130721","12"
"张北县","130722","12"
"康保县","130723","12"
"沽源县","130724","12"
"尚义县","130725","12"
"蔚县","130726","12"
"阳原县","130727","12"
"怀安县","130728","12"
"万全县","130729","12"
"怀来县","130730","12"
"涿鹿县","130731","12"
"赤城县","130732","12"
"崇礼县","130733","12"
"承德市","130800","12"
"双桥区","130802","12"
"双滦区","130803","12"
"鹰手营子矿区","130804","12"
"承德县","130821","12"
"兴隆县","130822","12"
"平泉县","130823","12"
"滦平县","130824","12"
"隆化县","130825","12"
"丰宁满族自治县","130826","12"
"宽城满族自治县","130827","12"
"围场满族蒙古族自治县","130828","12"
"沧州市","130900","12"
"沧州市新华区","130902","12"
"运河区","130903","12"
"沧县","130921","12"
"青县","130922","12"
"东光县","130923","12"
"海兴县","130924","12"
"盐山县","130925","12"
"肃宁县","130926","12"
"南皮县","130927","12"
"吴桥县","130928","12"
"献县","130929","12"
"孟村回族自治县","130930","12"
"泊头市","130981","12"
"任丘市","130982","12"
"黄骅市","130983","12"
"河间市","130984","12"
"廊坊市","131000","12"
"安次区","131002","12"
"广阳区","131003","12"
"固安县","131022","12"
"永清县","131023","12"
"香河县","131024","12"
"大城县","131025","12"
"文安县","131026","12"
"大厂回族自治县","131028","12"
"霸州市","131081","12"
"三河市","131082","12"
"衡水市","131100","12"
"桃城区","131102","12"
"枣强县","131121","12"
"武邑县","131122","12"
"武强县","131123","12"
"饶阳县","131124","12"
"安平县","131125","12"
"故城县","131126","12"
"景县","131127","12"
"阜城县","131128","12"
"冀州市","131181","12"
"深州市","131182","12"
"定州市","139001","12"
"辛集市","139002","12"
"山西省","140000","12"
"太原市","140100","12"
"小店区","140105","12"
"迎泽区","140106","12"
"杏花岭区","140107","12"
"尖草坪区","140108","12"
"万柏林区","140109","12"
"晋源区","140110","12"
"清徐县","140121","12"
"阳曲县","140122","12"
"娄烦县","140123","12"
"古交市","140181","12"
"大同市","140200","12"
"南郊区","140211","12"
"新荣区","140212","12"
"阳高县","140221","12"
"天镇县","140222","12"
"广灵县","140223","12"
"灵丘县","140224","12"
"浑源县","140225","12"
"左云县","140226","12"
"大同县","140227","12"
"阳泉市","140300","12"
"平定县","140321","12"
"盂县","140322","12"
"长治市","140400","12"
"长治县","140421","12"
"襄垣县","140423","12"
"屯留县","140424","12"
"平顺县","140425","12"
"黎城县","140426","12"
"壶关县","140427","12"
"长子县","140428","12"
"武乡县","140429","12"
"沁县","140430","12"
"沁源县","140431","12"
"潞城市","140481","12"
"晋城市","140500","12"
"沁水县","140521","12"
"阳城县","140522","12"
"陵川县","140524","12"
"泽州县","140525","12"
"高平市","140581","12"
"朔州市","140600","12"
"朔城区","140602","12"
"平鲁区","140603","12"
"山阴县","140621","12"
"应县","140622","12"
"右玉县","140623","12"
"怀仁县","140624","12"
"晋中市","140700","12"
"榆次区","140702","12"
"榆社县","140721","12"
"左权县","140722","12"
"和顺县","140723","12"
"昔阳县","140724","12"
"寿阳县","140725","12"
"太谷县","140726","12"
"祁县","140727","12"
"平遥县","140728","12"
"灵石县","140729","12"
"介休市","140781","12"
"运城市","140800","12"
"盐湖区","140802","12"
"临猗县","140821","12"
"万荣县","140822","12"
"闻喜县","140823","12"
"稷山县","140824","12"
"新绛县","140825","12"
"绛县","140826","12"
"垣曲县","140827","12"
"夏县","140828","12"
"平陆县","140829","12"
"芮城县","140830","12"
"永济市","140881","12"
"河津市","140882","12"
"忻州市","140900","12"
"忻府区","140902","12"
"定襄县","140921","12"
"五台县","140922","12"
"代县","140923","12"
"繁峙县","140924","12"
"宁武县","140925","12"
"静乐县","140926","12"
"神池县","140927","12"
"五寨县","140928","12"
"岢岚县","140929","12"
"河曲县","140930","12"
"保德县","140931","12"
"偏关县","140932","12"
"原平市","140981","12"
"临汾市","141000","12"
"尧都区","141002","12"
"曲沃县","141021","12"
"翼城县","141022","12"
"襄汾县","141023","12"
"洪洞县","141024","12"
"古县","141025","12"
"安泽县","141026","12"
"浮山县","141027","12"
"吉县","141028","12"
"乡宁县","141029","12"
"大宁县","141030","12"
"隰县","141031","12"
"永和县","141032","12"
"蒲县","141033","12"
"汾西县","141034","12"
"侯马市","141081","12"
"霍州市","141082","12"
"吕梁市","141100","12"
"离石区","141102","12"
"文水县","141121","12"
"交城县","141122","12"
"兴县","141123","12"
"临县","141124","12"
"柳林县","141125","12"
"石楼县","141126","12"
"岚县","141127","12"
"方山县","141128","12"
"中阳县","141129","12"
"交口县","141130","12"
"孝义市","141181","12"
"汾阳市","141182","12"
"内蒙古自治区","150000","12"
"呼和浩特市","150100","12"
"呼和浩特市新城区","150102","12"
"回民区","150103","12"
"玉泉区","150104","12"
"赛罕区","150105","12"
"土默特左旗","150121","12"
"托克托县","150122","12"
"和林格尔县","150123","12"
"清水河县","150124","12"
"武川县","150125","12"
"包头市","150200","12"
"东河区","150202","12"
"昆都仑区","150203","12"
"包头市青山区","150204","12"
"石拐区","150205","12"
"白云鄂博矿区","150206","12"
"九原区","150207","12"
"土默特右旗","150221","12"
"固阳县","150222","12"
"达尔罕茂明安联合旗","150223","12"
"乌海市","150300","12"
"海勃湾区","150302","12"
"海南区","150303","12"
"乌达区","150304","12"
"赤峰市","150400","12"
"红山区","150402","12"
"元宝山区","150403","12"
"松山区","150404","12"
"阿鲁科尔沁旗","150421","12"
"巴林左旗","150422","12"
"巴林右旗","150423","12"
"林西县","150424","12"
"克什克腾旗","150425","12"
"翁牛特旗","150426","12"
"喀喇沁旗","150428","12"
"宁城县","150429","12"
"敖汉旗","150430","12"
"通辽市","150500","12"
"科尔沁区","150502","12"
"科尔沁左翼中旗","150521","12"
"科尔沁左翼后旗","150522","12"
"开鲁县","150523","12"
"库伦旗","150524","12"
"奈曼旗","150525","12"
"扎鲁特旗","150526","12"
"霍林郭勒市","150581","12"
"鄂尔多斯市","150600","12"
"东胜区","150602","12"
"达拉特旗","150621","12"
"准格尔旗","150622","12"
"鄂托克前旗","150623","12"
"鄂托克旗","150624","12"
"杭锦旗","150625","12"
"乌审旗","150626","12"
"伊金霍洛旗","150627","12"
"呼伦贝尔市","150700","12"
"海拉尔区","150702","12"
"扎赉诺尔区","150703","12"
"阿荣旗","150721","12"
"莫力达瓦达斡尔族自治旗","150722","12"
"鄂伦春自治旗","150723","12"
"鄂温克族自治旗","150724","12"
"陈巴尔虎旗","150725","12"
"新巴尔虎左旗","150726","12"
"新巴尔虎右旗","150727","12"
"满洲里市","150781","12"
"牙克石市","150782","12"
"扎兰屯市","150783","12"
"额尔古纳市","150784","12"
"根河市","150785","12"
"巴彦淖尔市","150800","12"
"临河区","150802","12"
"五原县","150821","12"
"磴口县","150822","12"
"乌拉特前旗","150823","12"
"乌拉特中旗","150824","12"
"乌拉特后旗","150825","12"
"杭锦后旗","150826","12"
"乌兰察布市","150900","12"
"集宁区","150902","12"
"卓资县","150921","12"
"化德县","150922","12"
"商都县","150923","12"
"兴和县","150924","12"
"凉城县","150925","12"
"察哈尔右翼前旗","150926","12"
"察哈尔右翼中旗","150927","12"
"察哈尔右翼后旗","150928","12"
"四子王旗","150929","12"
"丰镇市","150981","12"
"兴安盟","152200","12"
"乌兰浩特市","152201","12"
"阿尔山市","152202","12"
"科尔沁右翼前旗","152221","12"
"科尔沁右翼中旗","152222","12"
"扎赉特旗","152223","12"
"突泉县","152224","12"
"锡林郭勒盟","152500","12"
"二连浩特市","152501","12"
"锡林浩特市","152502","12"
"阿巴嘎旗","152522","12"
"苏尼特左旗","152523","12"
"苏尼特右旗","152524","12"
"东乌珠穆沁旗","152525","12"
"西乌珠穆沁旗","152526","12"
"太仆寺旗","152527","12"
"镶黄旗","152528","12"
"正镶白旗","152529","12"
"正蓝旗","152530","12"
"多伦县","152531","12"
"阿拉善盟","152900","12"
"阿拉善左旗","152921","12"
"阿拉善右旗","152922","12"
"额济纳旗","152923","12"
"辽宁省","210000","12"
"沈阳市","210100","12"
"沈阳市和平区","210102","12"
"沈河区","210103","12"
"大东区","210104","12"
"皇姑区","210105","12"
"沈阳市铁西区","210106","12"
"苏家屯区","210111","12"
"浑南区","210112","12"
"沈北新区","210113","12"
"于洪区","210114","12"
"辽中县","210122","12"
"康平县","210123","12"
"法库县","210124","12"
"新民市","210181","12"
"大连市","210200","12"
"中山区","210202","12"
"西岗区","210203","12"
"沙河口区","210204","12"
"甘井子区","210211","12"
"旅顺口区","210212","12"
"金州区","210213","12"
"长海县","210224","12"
"瓦房店市","210281","12"
"普兰店市","210282","12"
"庄河市","210283","12"
"鞍山市","210300","12"
"鞍山市铁东区","210302","12"
"鞍山市铁西区","210303","12"
"立山区","210304","12"
"千山区","210311","12"
"台安县","210321","12"
"岫岩满族自治县","210323","12"
"海城市","210381","12"
"抚顺市","210400","12"
"新抚区","210402","12"
"东洲区","210403","12"
"望花区","210404","12"
"顺城区","210411","12"
"抚顺县","210421","12"
"新宾满族自治县","210422","12"
"清原满族自治县","210423","12"
"本溪市","210500","12"
"平山区","210502","12"
"溪湖区","210503","12"
"明山区","210504","12"
"南芬区","210505","12"
"本溪满族自治县","210521","12"
"桓仁满族自治县","210522","12"
"丹东市","210600","12"
"元宝区","210602","12"
"振兴区","210603","12"
"振安区","210604","12"
"宽甸满族自治县","210624","12"
"东港市","210681","12"
"凤城市","210682","12"
"锦州市","210700","12"
"古塔区","210702","12"
"凌河区","210703","12"
"太和区","210711","12"
"黑山县","210726","12"
"义县","210727","12"
"凌海市","210781","12"
"北镇市","210782","12"
"营口市","210800","12"
"站前区","210802","12"
"西市区","210803","12"
"鲅鱼圈区","210804","12"
"老边区","210811","12"
"盖州市","210881","12"
"大石桥市","210882","12"
"阜新市","210900","12"
"阜新市海州区","210902","12"
"新邱区","210903","12"
"太平区","210904","12"
"清河门区","210905","12"
"细河区","210911","12"
"阜新蒙古族自治县","210921","12"
"彰武县","210922","12"
"辽阳市","211000","12"
"白塔区","211002","12"
"文圣区","211003","12"
"宏伟区","211004","12"
"弓长岭区","211005","12"
"太子河区","211011","12"
"辽阳县","211021","12"
"灯塔市","211081","12"
"盘锦市","211100","12"
"双台子区","211102","12"
"兴隆台区","211103","12"
"大洼县","211121","12"
"盘山县","211122","12"
"铁岭市","211200","12"
"银州区","211202","12"
"铁岭市清河区","211204","12"
"铁岭县","211221","12"
"西丰县","211223","12"
"昌图县","211224","12"
"调兵山市","211281","12"
"开原市","211282","12"
"朝阳市","211300","12"
"双塔区","211302","12"
"龙城区","211303","12"
"朝阳县","211321","12"
"建平县","211322","12"
"喀喇沁左翼蒙古族自治县","211324","12"
"北票市","211381","12"
"凌源市","211382","12"
"葫芦岛市","211400","12"
"连山区","211402","12"
"龙港区","211403","12"
"南票区","211404","12"
"绥中县","211421","12"
"建昌县","211422","12"
"兴城市","211481","12"
"吉林省","220000","12"
"长春市","220100","12"
"南关区","220102","12"
"宽城区","220103","12"
"长春市朝阳区","220104","12"
"二道区","220105","12"
"绿园区","220106","12"
"双阳区","220112","12"
"九台区","220113","12"
"农安县","220122","12"
"榆树市","220182","12"
"德惠市","220183","12"
"吉林市","220200","12"
"昌邑区","220202","12"
"龙潭区","220203","12"
"船营区","220204","12"
"丰满区","220211","12"
"永吉县","220221","12"
"蛟河市","220281","12"
"桦甸市","220282","12"
"舒兰市","220283","12"
"磐石市","220284","12"
"四平市","220300","12"
"四平市铁西区","220302","12"
"四平市铁东区","220303","12"
"梨树县","220322","12"
"伊通满族自治县","220323","12"
"公主岭市","220381","12"
"双辽市","220382","12"
"辽源市","220400","12"
"龙山区","220402","12"
"辽源市西安区","220403","12"
"东丰县","220421","12"
"东辽县","220422","12"
"通化市","220500","12"
"东昌区","220502","12"
"二道江区","220503","12"
"通化县","220521","12"
"辉南县","220523","12"
"柳河县","220524","12"
"梅河口市","220581","12"
"集安市","220582","12"
"白山市","220600","12"
"浑江区","220602","12"
"江源区","220605","12"
"抚松县","220621","12"
"靖宇县","220622","12"
"长白朝鲜族自治县","220623","12"
"临江市","220681","12"
"松原市","220700","12"
"宁江区","220702","12"
"前郭尔罗斯蒙古族自治县","220721","12"
"长岭县","220722","12"
"乾安县","220723","12"
"扶余市","220781","12"
"白城市","220800","12"
"洮北区","220802","12"
"镇赉县","220821","12"
"通榆县","220822","12"
"洮南市","220881","12"
"大安市","220882","12"
"延边朝鲜族自治州","222400","12"
"延吉市","222401","12"
"图们市","222402","12"
"敦化市","222403","12"
"珲春市","222404","12"
"龙井市","222405","12"
"和龙市","222406","12"
"汪清县","222424","12"
"安图县","222426","12"
"黑龙江省","230000","12"
"哈尔滨市","230100","12"
"道里区","230102","12"
"南岗区","230103","12"
"道外区","230104","12"
"平房区","230108","12"
"松北区","230109","12"
"香坊区","230110","12"
"呼兰区","230111","12"
"阿城区","230112","12"
"双城区","230113","12"
"依兰县","230123","12"
"方正县","230124","12"
"宾县","230125","12"
"巴彦县","230126","12"
"木兰县","230127","12"
"通河县","230128","12"
"延寿县","230129","12"
"尚志市","230183","12"
"五常市","230184","12"
"齐齐哈尔市","230200","12"
"龙沙区","230202","12"
"建华区","230203","12"
"铁锋区","230204","12"
"昂昂溪区","230205","12"
"富拉尔基区","230206","12"
"碾子山区","230207","12"
"梅里斯达斡尔族区","230208","12"
"龙江县","230221","12"
"依安县","230223","12"
"泰来县","230224","12"
"甘南县","230225","12"
"富裕县","230227","12"
"克山县","230229","12"
"克东县","230230","12"
"拜泉县","230231","12"
"讷河市","230281","12"
"鸡西市","230300","12"
"鸡冠区","230302","12"
"恒山区","230303","12"
"滴道区","230304","12"
"梨树区","230305","12"
"城子河区","230306","12"
"麻山区","230307","12"
"鸡东县","230321","12"
"虎林市","230381","12"
"密山市","230382","12"
"鹤岗市","230400","12"
"鹤岗市向阳区","230402","12"
"工农区","230403","12"
"鹤岗市南山区","230404","12"
"兴安区","230405","12"
"东山区","230406","12"
"兴山区","230407","12"
"萝北县","230421","12"
"绥滨县","230422","12"
"双鸭山市","230500","12"
"尖山区","230502","12"
"岭东区","230503","12"
"四方台区","230505","12"
"双鸭山市宝山区","230506","12"
"集贤县","230521","12"
"友谊县","230522","12"
"宝清县","230523","12"
"饶河县","230524","12"
"大庆市","230600","12"
"萨尔图区","230602","12"
"龙凤区","230603","12"
"让胡路区","230604","12"
"红岗区","230605","12"
"大同区","230606","12"
"肇州县","230621","12"
"肇源县","230622","12"
"林甸县","230623","12"
"杜尔伯特蒙古族自治县","230624","12"
"伊春市","230700","12"
"伊春区","230702","12"
"南岔区","230703","12"
"友好区","230704","12"
"西林区","230705","12"
"翠峦区","230706","12"
"新青区","230707","12"
"美溪区","230708","12"
"金山屯区","230709","12"
"五营区","230710","12"
"乌马河区","230711","12"
"汤旺河区","230712","12"
"带岭区","230713","12"
"乌伊岭区","230714","12"
"红星区","230715","12"
"上甘岭区","230716","12"
"嘉荫县","230722","12"
"铁力市","230781","12"
"佳木斯市","230800","12"
"佳木斯市向阳区","230803","12"
"前进区","230804","12"
"东风区","230805","12"
"桦南县","230822","12"
"桦川县","230826","12"
"汤原县","230828","12"
"抚远县","230833","12"
"同江市","230881","12"
"富锦市","230882","12"
"七台河市","230900","12"
"新兴区","230902","12"
"桃山区","230903","12"
"茄子河区","230904","12"
"勃利县","230921","12"
"牡丹江市","231000","12"
"东安区","231002","12"
"阳明区","231003","12"
"爱民区","231004","12"
"牡丹江市西安区","231005","12"
"东宁县","231024","12"
"林口县","231025","12"
"绥芬河市","231081","12"
"海林市","231083","12"
"宁安市","231084","12"
"穆棱市","231085","12"
"黑河市","231100","12"
"爱辉区","231102","12"
"嫩江县","231121","12"
"逊克县","231123","12"
"孙吴县","231124","12"
"北安市","231181","12"
"五大连池市","231182","12"
"绥化市","231200","12"
"北林区","231202","12"
"望奎县","231221","12"
"兰西县","231222","12"
"青冈县","231223","12"
"庆安县","231224","12"
"明水县","231225","12"
"绥棱县","231226","12"
"安达市","231281","12"
"肇东市","231282","12"
"海伦市","231283","12"
"大兴安岭地区","232700","12"
"呼玛县","232721","12"
"塔河县","232722","12"
"漠河县","232723","12"
"上海市","310000","12"
"黄浦区","310101","12"
"徐汇区","310104","12"
"长宁区","310105","12"
"静安区","310106","12"
"上海市普陀区","310107","12"
"闸北区","310108","12"
"虹口区","310109","12"
"杨浦区","310110","12"
"闵行区","310112","12"
"上海市宝山区","310113","12"
"嘉定区","310114","12"
"浦东新区","310115","12"
"金山区","310116","12"
"松江区","310117","12"
"青浦区","310118","12"
"奉贤区","310120","12"
"崇明县","310230","12"
"江苏省","320000","12"
"南京市","320100","12"
"玄武区","320102","12"
"秦淮区","320104","12"
"建邺区","320105","12"
"南京市鼓楼区","320106","12"
"浦口区","320111","12"
"栖霞区","320113","12"
"雨花台区","320114","12"
"江宁区","320115","12"
"六合区","320116","12"
"溧水区","320117","12"
"高淳区","320118","12"
"无锡市","320200","12"
"崇安区","320202","12"
"南长区","320203","12"
"北塘区","320204","12"
"锡山区","320205","12"
"惠山区","320206","12"
"滨湖区","320211","12"
"江阴市","320281","12"
"宜兴市","320282","12"
"徐州市","320300","12"
"徐州市鼓楼区","320302","12"
"云龙区","320303","12"
"贾汪区","320305","12"
"泉山区","320311","12"
"铜山区","320312","12"
"丰县","320321","12"
"沛县","320322","12"
"睢宁县","320324","12"
"新沂市","320381","12"
"邳州市","320382","12"
"常州市","320400","12"
"天宁区","320402","12"
"钟楼区","320404","12"
"新北区","320411","12"
"武进区","320412","12"
"金坛区","320413","12"
"溧阳市","320481","12"
"苏州市","320500","12"
"虎丘区","320505","12"
"吴中区","320506","12"
"相城区","320507","12"
"姑苏区","320508","12"
"吴江区","320509","12"
"常熟市","320581","12"
"张家港市","320582","12"
"昆山市","320583","12"
"太仓市","320585","12"
"南通市","320600","12"
"崇川区","320602","12"
"港闸区","320611","12"
"南通市通州区","320612","12"
"海安县","320621","12"
"如东县","320623","12"
"启东市","320681","12"
"如皋市","320682","12"
"海门市","320684","12"
"连云港市","320700","12"
"连云区","320703","12"
"连云港市海州区","320706","12"
"赣榆区","320707","12"
"东海县","320722","12"
"灌云县","320723","12"
"灌南县","320724","12"
"淮安市","320800","12"
"淮安市清河区","320802","12"
"淮安区","320803","12"
"淮阴区","320804","12"
"清浦区","320811","12"
"涟水县","320826","12"
"洪泽县","320829","12"
"盱眙县","320830","12"
"金湖县","320831","12"
"盐城市","320900","12"
"亭湖区","320902","12"
"盐都区","320903","12"
"大丰区","320904","12"
"响水县","320921","12"
"滨海县","320922","12"
"阜宁县","320923","12"
"射阳县","320924","12"
"建湖县","320925","12"
"东台市","320981","12"
"扬州市","321000","12"
"广陵区","321002","12"
"邗江区","321003","12"
"江都区","321012","12"
"宝应县","321023","12"
"仪征市","321081","12"
"高邮市","321084","12"
"镇江市","321100","12"
"京口区","321102","12"
"润州区","321111","12"
"丹徒区","321112","12"
"丹阳市","321181","12"
"扬中市","321182","12"
"句容市","321183","12"
"泰州市","321200","12"
"海陵区","321202","12"
"高港区","321203","12"
"姜堰区","321204","12"
"兴化市","321281","12"
"靖江市","321282","12"
"泰兴市","321283","12"
"宿迁市","321300","12"
"宿城区","321302","12"
"宿豫区","321311","12"
"沭阳县","321322","12"
"泗阳县","321323","12"
"泗洪县","321324","12"
"浙江省","330000","12"
"杭州市","330100","12"
"上城区","330102","12"
"下城区","330103","12"
"江干区","330104","12"
"拱墅区","330105","12"
"杭州市西湖区","330106","12"
"滨江区","330108","12"
"萧山区","330109","12"
"余杭区","330110","12"
"富阳区","330111","12"
"桐庐县","330122","12"
"淳安县","330127","12"
"建德市","330182","12"
"临安市","330185","12"
"宁波市","330200","12"
"海曙区","330203","12"
"江东区","330204","12"
"宁波市江北区","330205","12"
"北仑区","330206","12"
"镇海区","330211","12"
"鄞州区","330212","12"
"象山县","330225","12"
"宁海县","330226","12"
"余姚市","330281","12"
"慈溪市","330282","12"
"奉化市","330283","12"
"温州市","330300","12"
"鹿城区","330302","12"
"龙湾区","330303","12"
"瓯海区","330304","12"
"洞头区","330305","12"
"永嘉县","330324","12"
"平阳县","330326","12"
"苍南县","330327","12"
"文成县","330328","12"
"泰顺县","330329","12"
"瑞安市","330381","12"
"乐清市","330382","12"
"嘉兴市","330400","12"
"南湖区","330402","12"
"秀洲区","330411","12"
"嘉善县","330421","12"
"海盐县","330424","12"
"海宁市","330481","12"
"平湖市","330482","12"
"桐乡市","330483","12"
"湖州市","330500","12"
"吴兴区","330502","12"
"南浔区","330503","12"
"德清县","330521","12"
"长兴县","330522","12"
"安吉县","330523","12"
"绍兴市","330600","12"
"越城区","330602","12"
"柯桥区","330603","12"
"上虞区","330604","12"
"新昌县","330624","12"
"诸暨市","330681","12"
"嵊州市","330683","12"
"金华市","330700","12"
"婺城区","330702","12"
"金东区","330703","12"
"武义县","330723","12"
"浦江县","330726","12"
"磐安县","330727","12"
"兰溪市","330781","12"
"义乌市","330782","12"
"东阳市","330783","12"
"永康市","330784","12"
"衢州市","330800","12"
"柯城区","330802","12"
"衢江区","330803","12"
"常山县","330822","12"
"开化县","330824","12"
"龙游县","330825","12"
"江山市","330881","12"
"舟山市","330900","12"
"定海区","330902","12"
"舟山市普陀区","330903","12"
"岱山县","330921","12"
"嵊泗县","330922","12"
"台州市","331000","12"
"椒江区","331002","12"
"黄岩区","331003","12"
"路桥区","331004","12"
"玉环县","331021","12"
"三门县","331022","12"
"天台县","331023","12"
"仙居县","331024","12"
"温岭市","331081","12"
"临海市","331082","12"
"丽水市","331100","12"
"莲都区","331102","12"
"青田县","331121","12"
"缙云县","331122","12"
"遂昌县","331123","12"
"松阳县","331124","12"
"云和县","331125","12"
"庆元县","331126","12"
"景宁畲族自治县","331127","12"
"龙泉市","331181","12"
"安徽省","340000","12"
"合肥市","340100","12"
"瑶海区","340102","12"
"庐阳区","340103","12"
"蜀山区","340104","12"
"包河区","340111","12"
"长丰县","340121","12"
"肥东县","340122","12"
"肥西县","340123","12"
"庐江县","340124","12"
"巢湖市","340181","12"
"芜湖市","340200","12"
"镜湖区","340202","12"
"弋江区","340203","12"
"鸠江区","340207","12"
"三山区","340208","12"
"芜湖县","340221","12"
"繁昌县","340222","12"
"南陵县","340223","12"
"无为县","340225","12"
"蚌埠市","340300","12"
"龙子湖区","340302","12"
"蚌山区","340303","12"
"禹会区","340304","12"
"淮上区","340311","12"
"怀远县","340321","12"
"五河县","340322","12"
"固镇县","340323","12"
"淮南市","340400","12"
"大通区","340402","12"
"田家庵区","340403","12"
"谢家集区","340404","12"
"八公山区","340405","12"
"潘集区","340406","12"
"凤台县","340421","12"
"马鞍山市","340500","12"
"花山区","340503","12"
"雨山区","340504","12"
"博望区","340506","12"
"当涂县","340521","12"
"含山县","340522","12"
"和县","340523","12"
"淮北市","340600","12"
"杜集区","340602","12"
"相山区","340603","12"
"烈山区","340604","12"
"濉溪县","340621","12"
"铜陵市","340700","12"
"铜官山区","340702","12"
"狮子山区","340703","12"
"铜陵县","340721","12"
"安庆市","340800","12"
"迎江区","340802","12"
"大观区","340803","12"
"宜秀区","340811","12"
"怀宁县","340822","12"
"枞阳县","340823","12"
"潜山县","340824","12"
"太湖县","340825","12"
"宿松县","340826","12"
"望江县","340827","12"
"岳西县","340828","12"
"桐城市","340881","12"
"黄山市","341000","12"
"屯溪区","341002","12"
"黄山区","341003","12"
"徽州区","341004","12"
"歙县","341021","12"
"休宁县","341022","12"
"黟县","341023","12"
"祁门县","341024","12"
"滁州市","341100","12"
"琅琊区","341102","12"
"南谯区","341103","12"
"来安县","341122","12"
"全椒县","341124","12"
"定远县","341125","12"
"凤阳县","341126","12"
"天长市","341181","12"
"明光市","341182","12"
"阜阳市","341200","12"
"颍州区","341202","12"
"颍东区","341203","12"
"颍泉区","341204","12"
"临泉县","341221","12"
"太和县","341222","12"
"阜南县","341225","12"
"颍上县","341226","12"
"界首市","341282","12"
"宿州市","341300","12"
"埇桥区","341302","12"
"砀山县","341321","12"
"萧县","341322","12"
"灵璧县","341323","12"
"泗县","341324","12"
"六安市","341500","12"
"金安区","341502","12"
"裕安区","341503","12"
"寿县","341521","12"
"霍邱县","341522","12"
"舒城县","341523","12"
"金寨县","341524","12"
"霍山县","341525","12"
"亳州市","341600","12"
"谯城区","341602","12"
"涡阳县","341621","12"
"蒙城县","341622","12"
"利辛县","341623","12"
"池州市","341700","12"
"贵池区","341702","12"
"东至县","341721","12"
"石台县","341722","12"
"青阳县","341723","12"
"宣城市","341800","12"
"宣州区","341802","12"
"郎溪县","341821","12"
"广德县","341822","12"
"泾县","341823","12"
"绩溪县","341824","12"
"旌德县","341825","12"
"宁国市","341881","12"
"福建省","350000","12"
"福州市","350100","12"
"福州市鼓楼区","350102","12"
"台江区","350103","12"
"仓山区","350104","12"
"马尾区","350105","12"
"晋安区","350111","12"
"闽侯县","350121","12"
"连江县","350122","12"
"罗源县","350123","12"
"闽清县","350124","12"
"永泰县","350125","12"
"平潭县","350128","12"
"福清市","350181","12"
"长乐市","350182","12"
"厦门市","350200","12"
"思明区","350203","12"
"海沧区","350205","12"
"湖里区","350206","12"
"集美区","350211","12"
"同安区","350212","12"
"翔安区","350213","12"
"莆田市","350300","12"
"城厢区","350302","12"
"涵江区","350303","12"
"荔城区","350304","12"
"秀屿区","350305","12"
"仙游县","350322","12"
"三明市","350400","12"
"梅列区","350402","12"
"三元区","350403","12"
"明溪县","350421","12"
"清流县","350423","12"
"宁化县","350424","12"
"大田县","350425","12"
"尤溪县","350426","12"
"沙县","350427","12"
"将乐县","350428","12"
"泰宁县","350429","12"
"建宁县","350430","12"
"永安市","350481","12"
"泉州市","350500","12"
"鲤城区","350502","12"
"丰泽区","350503","12"
"洛江区","350504","12"
"泉港区","350505","12"
"惠安县","350521","12"
"安溪县","350524","12"
"永春县","350525","12"
"德化县","350526","12"
"金门县","350527","12"
"石狮市","350581","12"
"晋江市","350582","12"
"南安市","350583","12"
"漳州市","350600","12"
"芗城区","350602","12"
"龙文区","350603","12"
"云霄县","350622","12"
"漳浦县","350623","12"
"诏安县","350624","12"
"长泰县","350625","12"
"东山县","350626","12"
"南靖县","350627","12"
"平和县","350628","12"
"华安县","350629","12"
"龙海市","350681","12"
"南平市","350700","12"
"延平区","350702","12"
"建阳区","350703","12"
"顺昌县","350721","12"
"浦城县","350722","12"
"光泽县","350723","12"
"松溪县","350724","12"
"政和县","350725","12"
"邵武市","350781","12"
"武夷山市","350782","12"
"建瓯市","350783","12"
"龙岩市","350800","12"
"新罗区","350802","12"
"龙岩市永定区","350803","12"
"长汀县","350821","12"
"上杭县","350823","12"
"武平县","350824","12"
"连城县","350825","12"
"漳平市","350881","12"
"宁德市","350900","12"
"蕉城区","350902","12"
"霞浦县","350921","12"
"古田县","350922","12"
"屏南县","350923","12"
"寿宁县","350924","12"
"周宁县","350925","12"
"柘荣县","350926","12"
"福安市","350981","12"
"福鼎市","350982","12"
"江西省","360000","12"
"南昌市","360100","12"
"东湖区","360102","12"
"南昌市西湖区","360103","12"
"青云谱区","360104","12"
"湾里区","360105","12"
"青山湖区","360111","12"
"新建区","360112","12"
"南昌县","360121","12"
"安义县","360123","12"
"进贤县","360124","12"
"景德镇市","360200","12"
"昌江区","360202","12"
"珠山区","360203","12"
"浮梁县","360222","12"
"乐平市","360281","12"
"萍乡市","360300","12"
"安源区","360302","12"
"湘东区","360313","12"
"莲花县","360321","12"
"上栗县","360322","12"
"芦溪县","360323","12"
"九江市","360400","12"
"庐山区","360402","12"
"浔阳区","360403","12"
"九江县","360421","12"
"武宁县","360423","12"
"修水县","360424","12"
"永修县","360425","12"
"德安县","360426","12"
"星子县","360427","12"
"都昌县","360428","12"
"湖口县","360429","12"
"彭泽县","360430","12"
"瑞昌市","360481","12"
"共青城市","360482","12"
"新余市","360500","12"
"渝水区","360502","12"
"分宜县","360521","12"
"鹰潭市","360600","12"
"月湖区","360602","12"
"余江县","360622","12"
"贵溪市","360681","12"
"赣州市","360700","12"
"章贡区","360702","12"
"南康区","360703","12"
"赣县","360721","12"
"信丰县","360722","12"
"大余县","360723","12"
"上犹县","360724","12"
"崇义县","360725","12"
"安远县","360726","12"
"龙南县","360727","12"
"定南县","360728","12"
"全南县","360729","12"
"宁都县","360730","12"
"于都县","360731","12"
"兴国县","360732","12"
"会昌县","360733","12"
"寻乌县","360734","12"
"石城县","360735","12"
"瑞金市","360781","12"
"吉安市","360800","12"
"吉州区","360802","12"
"青原区","360803","12"
"吉安县","360821","12"
"吉水县","360822","12"
"峡江县","360823","12"
"新干县","360824","12"
"永丰县","360825","12"
"泰和县","360826","12"
"遂川县","360827","12"
"万安县","360828","12"
"安福县","360829","12"
"永新县","360830","12"
"井冈山市","360881","12"
"宜春市","360900","12"
"袁州区","360902","12"
"奉新县","360921","12"
"万载县","360922","12"
"上高县","360923","12"
"宜丰县","360924","12"
"靖安县","360925","12"
"铜鼓县","360926","12"
"丰城市","360981","12"
"樟树市","360982","12"
"高安市","360983","12"
"抚州市","361000","12"
"临川区","361002","12"
"南城县","361021","12"
"黎川县","361022","12"
"南丰县","361023","12"
"崇仁县","361024","12"
"乐安县","361025","12"
"宜黄县","361026","12"
"金溪县","361027","12"
"资溪县","361028","12"
"东乡县","361029","12"
"广昌县","361030","12"
"上饶市","361100","12"
"信州区","361102","12"
"广丰区","361103","12"
"上饶县","361121","12"
"玉山县","361123","12"
"铅山县","361124","12"
"横峰县","361125","12"
"弋阳县","361126","12"
"余干县","361127","12"
"鄱阳县","361128","12"
"万年县","361129","12"
"婺源县","361130","12"
"德兴市","361181","12"
"山东省","370000","12"
"济南市","370100","12"
"历下区","370102","12"
"济南市市中区","370103","12"
"槐荫区","370104","12"
"天桥区","370105","12"
"历城区","370112","12"
"长清区","370113","12"
"平阴县","370124","12"
"济阳县","370125","12"
"商河县","370126","12"
"章丘市","370181","12"
"青岛市","370200","12"
"市南区","370202","12"
"市北区","370203","12"
"黄岛区","370211","12"
"崂山区","370212","12"
"李沧区","370213","12"
"城阳区","370214","12"
"胶州市","370281","12"
"即墨市","370282","12"
"平度市","370283","12"
"莱西市","370285","12"
"淄博市","370300","12"
"淄川区","370302","12"
"张店区","370303","12"
"博山区","370304","12"
"临淄区","370305","12"
"周村区","370306","12"
"桓台县","370321","12"
"高青县","370322","12"
"沂源县","370323","12"
"枣庄市","370400","12"
"枣庄市市中区","370402","12"
"薛城区","370403","12"
"峄城区","370404","12"
"台儿庄区","370405","12"
"山亭区","370406","12"
"滕州市","370481","12"
"东营市","370500","12"
"东营区","370502","12"
"河口区","370503","12"
"垦利县","370521","12"
"利津县","370522","12"
"广饶县","370523","12"
"烟台市","370600","12"
"芝罘区","370602","12"
"福山区","370611","12"
"牟平区","370612","12"
"莱山区","370613","12"
"长岛县","370634","12"
"龙口市","370681","12"
"莱阳市","370682","12"
"莱州市","370683","12"
"蓬莱市","370684","12"
"招远市","370685","12"
"栖霞市","370686","12"
"海阳市","370687","12"
"潍坊市","370700","12"
"潍城区","370702","12"
"寒亭区","370703","12"
"坊子区","370704","12"
"奎文区","370705","12"
"临朐县","370724","12"
"昌乐县","370725","12"
"青州市","370781","12"
"诸城市","370782","12"
"寿光市","370783","12"
"安丘市","370784","12"
"高密市","370785","12"
"昌邑市","370786","12"
"济宁市","370800","12"
"任城区","370811","12"
"兖州区","370812","12"
"微山县","370826","12"
"鱼台县","370827","12"
"金乡县","370828","12"
"嘉祥县","370829","12"
"汶上县","370830","12"
"泗水县","370831","12"
"梁山县","370832","12"
"曲阜市","370881","12"
"邹城市","370883","12"
"泰安市","370900","12"
"泰山区","370902","12"
"岱岳区","370911","12"
"宁阳县","370921","12"
"东平县","370923","12"
"新泰市","370982","12"
"肥城市","370983","12"
"威海市","371000","12"
"环翠区","371002","12"
"文登区","371003","12"
"荣成市","371082","12"
"乳山市","371083","12"
"日照市","371100","12"
"东港区","371102","12"
"岚山区","371103","12"
"五莲县","371121","12"
"莒县","371122","12"
"莱芜市","371200","12"
"莱城区","371202","12"
"钢城区","371203","12"
"临沂市","371300","12"
"兰山区","371302","12"
"罗庄区","371311","12"
"临沂市河东区","371312","12"
"沂南县","371321","12"
"郯城县","371322","12"
"沂水县","371323","12"
"兰陵县","371324","12"
"费县","371325","12"
"平邑县","371326","12"
"莒南县","371327","12"
"蒙阴县","371328","12"
"临沭县","371329","12"
"德州市","371400","12"
"德城区","371402","12"
"陵城区","371403","12"
"宁津县","371422","12"
"庆云县","371423","12"
"临邑县","371424","12"
"齐河县","371425","12"
"平原县","371426","12"
"夏津县","371427","12"
"武城县","371428","12"
"乐陵市","371481","12"
"禹城市","371482","12"
"聊城市","371500","12"
"东昌府区","371502","12"
"阳谷县","371521","12"
"莘县","371522","12"
"茌平县","371523","12"
"东阿县","371524","12"
"冠县","371525","12"
"高唐县","371526","12"
"临清市","371581","12"
"滨州市","371600","12"
"滨城区","371602","12"
"沾化区","371603","12"
"惠民县","371621","12"
"阳信县","371622","12"
"无棣县","371623","12"
"博兴县","371625","12"
"邹平县","371626","12"
"菏泽市","371700","12"
"牡丹区","371702","12"
"曹县","371721","12"
"单县","371722","12"
"成武县","371723","12"
"巨野县","371724","12"
"郓城县","371725","12"
"鄄城县","371726","12"
"定陶县","371727","12"
"东明县","371728","12"
"河南省","410000","12"
"郑州市","410100","12"
"中原区","410102","12"
"二七区","410103","12"
"管城回族区","410104","12"
"金水区","410105","12"
"上街区","410106","12"
"惠济区","410108","12"
"中牟县","410122","12"
"巩义市","410181","12"
"荥阳市","410182","12"
"新密市","410183","12"
"新郑市","410184","12"
"登封市","410185","12"
"开封市","410200","12"
"龙亭区","410202","12"
"顺河回族区","410203","12"
"开封市鼓楼区","410204","12"
"禹王台区","410205","12"
"金明区","410211","12"
"祥符区","410212","12"
"杞县","410221","12"
"通许县","410222","12"
"尉氏县","410223","12"
"兰考县","410225","12"
"洛阳市","410300","12"
"老城区","410302","12"
"西工区","410303","12"
"瀍河回族区","410304","12"
"涧西区","410305","12"
"吉利区","410306","12"
"洛龙区","410311","12"
"孟津县","410322","12"
"新安县","410323","12"
"栾川县","410324","12"
"嵩县","410325","12"
"汝阳县","410326","12"
"宜阳县","410327","12"
"洛宁县","410328","12"
"伊川县","410329","12"
"偃师市","410381","12"
"平顶山市","410400","12"
"平顶山市新华区","410402","12"
"卫东区","410403","12"
"石龙区","410404","12"
"湛河区","410411","12"
"宝丰县","410421","12"
"叶县","410422","12"
"鲁山县","410423","12"
"郏县","410425","12"
"舞钢市","410481","12"
"汝州市","410482","12"
"安阳市","410500","12"
"文峰区","410502","12"
"北关区","410503","12"
"殷都区","410505","12"
"龙安区","410506","12"
"安阳县","410522","12"
"汤阴县","410523","12"
"滑县","410526","12"
"内黄县","410527","12"
"林州市","410581","12"
"鹤壁市","410600","12"
"鹤山区","410602","12"
"山城区","410603","12"
"淇滨区","410611","12"
"浚县","410621","12"
"淇县","410622","12"
"新乡市","410700","12"
"红旗区","410702","12"
"卫滨区","410703","12"
"凤泉区","410704","12"
"牧野区","410711","12"
"新乡县","410721","12"
"获嘉县","410724","12"
"原阳县","410725","12"
"延津县","410726","12"
"封丘县","410727","12"
"长垣县","410728","12"
"卫辉市","410781","12"
"辉县市","410782","12"
"焦作市","410800","12"
"解放区","410802","12"
"中站区","410803","12"
"马村区","410804","12"
"山阳区","410811","12"
"修武县","410821","12"
"博爱县","410822","12"
"武陟县","410823","12"
"温县","410825","12"
"沁阳市","410882","12"
"孟州市","410883","12"
"濮阳市","410900","12"
"华龙区","410902","12"
"清丰县","410922","12"
"南乐县","410923","12"
"范县","410926","12"
"台前县","410927","12"
"濮阳县","410928","12"
"许昌市","411000","12"
"魏都区","411002","12"
"许昌县","411023","12"
"鄢陵县","411024","12"
"襄城县","411025","12"
"禹州市","411081","12"
"长葛市","411082","12"
"漯河市","411100","12"
"源汇区","411102","12"
"郾城区","411103","12"
"召陵区","411104","12"
"舞阳县","411121","12"
"临颍县","411122","12"
"三门峡市","411200","12"
"湖滨区","411202","12"
"渑池县","411221","12"
"陕县","411222","12"
"卢氏县","411224","12"
"义马市","411281","12"
"灵宝市","411282","12"
"南阳市","411300","12"
"宛城区","411302","12"
"卧龙区","411303","12"
"南召县","411321","12"
"方城县","411322","12"
"西峡县","411323","12"
"镇平县","411324","12"
"内乡县","411325","12"
"淅川县","411326","12"
"社旗县","411327","12"
"唐河县","411328","12"
"新野县","411329","12"
"桐柏县","411330","12"
"邓州市","411381","12"
"商丘市","411400","12"
"梁园区","411402","12"
"睢阳区","411403","12"
"民权县","411421","12"
"睢县","411422","12"
"宁陵县","411423","12"
"柘城县","411424","12"
"虞城县","411425","12"
"夏邑县","411426","12"
"永城市","411481","12"
"信阳市","411500","12"
"浉河区","411502","12"
"平桥区","411503","12"
"罗山县","411521","12"
"光山县","411522","12"
"新县","411523","12"
"商城县","411524","12"
"固始县","411525","12"
"潢川县","411526","12"
"淮滨县","411527","12"
"息县","411528","12"
"周口市","411600","12"
"川汇区","411602","12"
"扶沟县","411621","12"
"西华县","411622","12"
"商水县","411623","12"
"沈丘县","411624","12"
"郸城县","411625","12"
"淮阳县","411626","12"
"太康县","411627","12"
"鹿邑县","411628","12"
"项城市","411681","12"
"驻马店市","411700","12"
"驿城区","411702","12"
"西平县","411721","12"
"上蔡县","411722","12"
"平舆县","411723","12"
"正阳县","411724","12"
"确山县","411725","12"
"泌阳县","411726","12"
"汝南县","411727","12"
"遂平县","411728","12"
"新蔡县","411729","12"
"济源市","419001","12"
"湖北省","420000","12"
"武汉市","420100","12"
"江岸区","420102","12"
"江汉区","420103","12"
"硚口区","420104","12"
"汉阳区","420105","12"
"武昌区","420106","12"
"武汉市青山区","420107","12"
"洪山区","420111","12"
"东西湖区","420112","12"
"汉南区","420113","12"
"蔡甸区","420114","12"
"江夏区","420115","12"
"黄陂区","420116","12"
"新洲区","420117","12"
"黄石市","420200","12"
"黄石港区","420202","12"
"西塞山区","420203","12"
"下陆区","420204","12"
"铁山区","420205","12"
"阳新县","420222","12"
"大冶市","420281","12"
"十堰市","420300","12"
"茅箭区","420302","12"
"张湾区","420303","12"
"郧阳区","420304","12"
"郧西县","420322","12"
"竹山县","420323","12"
"竹溪县","420324","12"
"房县","420325","12"
"丹江口市","420381","12"
"宜昌市","420500","12"
"西陵区","420502","12"
"伍家岗区","420503","12"
"点军区","420504","12"
"猇亭区","420505","12"
"夷陵区","420506","12"
"远安县","420525","12"
"兴山县","420526","12"
"秭归县","420527","12"
"长阳土家族自治县","420528","12"
"五峰土家族自治县","420529","12"
"宜都市","420581","12"
"当阳市","420582","12"
"枝江市","420583","12"
"襄阳市","420600","12"
"襄城区","420602","12"
"樊城区","420606","12"
"襄州区","420607","12"
"南漳县","420624","12"
"谷城县","420625","12"
"保康县","420626","12"
"老河口市","420682","12"
"枣阳市","420683","12"
"宜城市","420684","12"
"鄂州市","420700","12"
"梁子湖区","420702","12"
"华容区","420703","12"
"鄂城区","420704","12"
"荆门市","420800","12"
"东宝区","420802","12"
"掇刀区","420804","12"
"京山县","420821","12"
"沙洋县","420822","12"
"钟祥市","420881","12"
"孝感市","420900","12"
"孝南区","420902","12"
"孝昌县","420921","12"
"大悟县","420922","12"
"云梦县","420923","12"
"应城市","420981","12"
"安陆市","420982","12"
"汉川市","420984","12"
"荆州市","421000","12"
"沙市区","421002","12"
"荆州区","421003","12"
"公安县","421022","12"
"监利县","421023","12"
"江陵县","421024","12"
"石首市","421081","12"
"洪湖市","421083","12"
"松滋市","421087","12"
"黄冈市","421100","12"
"黄州区","421102","12"
"团风县","421121","12"
"红安县","421122","12"
"罗田县","421123","12"
"英山县","421124","12"
"浠水县","421125","12"
"蕲春县","421126","12"
"黄梅县","421127","12"
"麻城市","421181","12"
"武穴市","421182","12"
"咸宁市","421200","12"
"咸安区","421202","12"
"嘉鱼县","421221","12"
"通城县","421222","12"
"崇阳县","421223","12"
"通山县","421224","12"
"赤壁市","421281","12"
"随州市","421300","12"
"曾都区","421303","12"
"随县","421321","12"
"广水市","421381","12"
"恩施土家族苗族自治州","422800","12"
"恩施市","422801","12"
"利川市","422802","12"
"建始县","422822","12"
"巴东县","422823","12"
"宣恩县","422825","12"
"咸丰县","422826","12"
"来凤县","422827","12"
"鹤峰县","422828","12"
"仙桃市","429004","12"
"潜江市","429005","12"
"天门市","429006","12"
"神农架林区","429021","12"
"湖南省","430000","12"
"长沙市","430100","12"
"芙蓉区","430102","12"
"天心区","430103","12"
"岳麓区","430104","12"
"开福区","430105","12"
"雨花区","430111","12"
"望城区","430112","12"
"长沙县","430121","12"
"宁乡县","430124","12"
"浏阳市","430181","12"
"株洲市","430200","12"
"荷塘区","430202","12"
"芦淞区","430203","12"
"石峰区","430204","12"
"天元区","430211","12"
"株洲县","430221","12"
"攸县","430223","12"
"茶陵县","430224","12"
"炎陵县","430225","12"
"醴陵市","430281","12"
"湘潭市","430300","12"
"雨湖区","430302","12"
"岳塘区","430304","12"
"湘潭县","430321","12"
"湘乡市","430381","12"
"韶山市","430382","12"
"衡阳市","430400","12"
"珠晖区","430405","12"
"雁峰区","430406","12"
"石鼓区","430407","12"
"蒸湘区","430408","12"
"南岳区","430412","12"
"衡阳县","430421","12"
"衡南县","430422","12"
"衡山县","430423","12"
"衡东县","430424","12"
"祁东县","430426","12"
"耒阳市","430481","12"
"常宁市","430482","12"
"邵阳市","430500","12"
"双清区","430502","12"
"大祥区","430503","12"
"北塔区","430511","12"
"邵东县","430521","12"
"新邵县","430522","12"
"邵阳县","430523","12"
"隆回县","430524","12"
"洞口县","430525","12"
"绥宁县","430527","12"
"新宁县","430528","12"
"城步苗族自治县","430529","12"
"武冈市","430581","12"
"岳阳市","430600","12"
"岳阳楼区","430602","12"
"云溪区","430603","12"
"君山区","430611","12"
"岳阳县","430621","12"
"华容县","430623","12"
"湘阴县","430624","12"
"平江县","430626","12"
"汨罗市","430681","12"
"临湘市","430682","12"
"常德市","430700","12"
"武陵区","430702","12"
"鼎城区","430703","12"
"安乡县","430721","12"
"汉寿县","430722","12"
"澧县","430723","12"
"临澧县","430724","12"
"桃源县","430725","12"
"石门县","430726","12"
"津市市","430781","12"
"张家界市","430800","12"
"张家界市永定区","430802","12"
"武陵源区","430811","12"
"慈利县","430821","12"
"桑植县","430822","12"
"益阳市","430900","12"
"资阳区","430902","12"
"赫山区","430903","12"
"南县","430921","12"
"桃江县","430922","12"
"安化县","430923","12"
"沅江市","430981","12"
"郴州市","431000","12"
"北湖区","431002","12"
"苏仙区","431003","12"
"桂阳县","431021","12"
"宜章县","431022","12"
"永兴县","431023","12"
"嘉禾县","431024","12"
"临武县","431025","12"
"汝城县","431026","12"
"桂东县","431027","12"
"安仁县","431028","12"
"资兴市","431081","12"
"永州市","431100","12"
"零陵区","431102","12"
"冷水滩区","431103","12"
"祁阳县","431121","12"
"东安县","431122","12"
"双牌县","431123","12"
"道县","431124","12"
"江永县","431125","12"
"宁远县","431126","12"
"蓝山县","431127","12"
"新田县","431128","12"
"江华瑶族自治县","431129","12"
"怀化市","431200","12"
"鹤城区","431202","12"
"中方县","431221","12"
"沅陵县","431222","12"
"辰溪县","431223","12"
"溆浦县","431224","12"
"会同县","431225","12"
"麻阳苗族自治县","431226","12"
"新晃侗族自治县","431227","12"
"芷江侗族自治县","431228","12"
"靖州苗族侗族自治县","431229","12"
"通道侗族自治县","431230","12"
"洪江市","431281","12"
"娄底市","431300","12"
"娄星区","431302","12"
"双峰县","431321","12"
"新化县","431322","12"
"冷水江市","431381","12"
"涟源市","431382","12"
"湘西土家族苗族自治州","433100","12"
"吉首市","433101","12"
"泸溪县","433122","12"
"凤凰县","433123","12"
"花垣县","433124","12"
"保靖县","433125","12"
"古丈县","433126","12"
"永顺县","433127","12"
"龙山县","433130","12"
"广东省","440000","12"
"广州市","440100","12"
"荔湾区","440103","12"
"越秀区","440104","12"
"海珠区","440105","12"
"天河区","440106","12"
"广州市白云区","440111","12"
"黄埔区","440112","12"
"番禺区","440113","12"
"花都区","440114","12"
"南沙区","440115","12"
"从化区","440117","12"
"增城区","440118","12"
"韶关市","440200","12"
"武江区","440203","12"
"浈江区","440204","12"
"曲江区","440205","12"
"始兴县","440222","12"
"仁化县","440224","12"
"翁源县","440229","12"
"乳源瑶族自治县","440232","12"
"新丰县","440233","12"
"乐昌市","440281","12"
"南雄市","440282","12"
"深圳市","440300","12"
"罗湖区","440303","12"
"福田区","440304","12"
"深圳市南山区","440305","12"
"深圳市龙华区","440309","12"
"宝安区","440306","12"
"龙岗区","440307","12"
"盐田区","440308","12"
"珠海市","440400","12"
"香洲区","440402","12"
"斗门区","440403","12"
"金湾区","440404","12"
"汕头市","440500","12"
"龙湖区","440507","12"
"金平区","440511","12"
"濠江区","440512","12"
"潮阳区","440513","12"
"潮南区","440514","12"
"澄海区","440515","12"
"南澳县","440523","12"
"佛山市","440600","12"
"禅城区","440604","12"
"南海区","440605","12"
"顺德区","440606","12"
"三水区","440607","12"
"高明区","440608","12"
"江门市","440700","12"
"蓬江区","440703","12"
"江海区","440704","12"
"新会区","440705","12"
"台山市","440781","12"
"开平市","440783","12"
"鹤山市","440784","12"
"恩平市","440785","12"
"湛江市","440800","12"
"赤坎区","440802","12"
"霞山区","440803","12"
"坡头区","440804","12"
"麻章区","440811","12"
"遂溪县","440823","12"
"徐闻县","440825","12"
"廉江市","440881","12"
"雷州市","440882","12"
"吴川市","440883","12"
"茂名市","440900","12"
"茂南区","440902","12"
"电白区","440904","12"
"高州市","440981","12"
"化州市","440982","12"
"信宜市","440983","12"
"肇庆市","441200","12"
"端州区","441202","12"
"鼎湖区","441203","12"
"高要区","441204","12"
"广宁县","441223","12"
"怀集县","441224","12"
"封开县","441225","12"
"德庆县","441226","12"
"四会市","441284","12"
"惠州市","441300","12"
"惠城区","441302","12"
"惠阳区","441303","12"
"博罗县","441322","12"
"惠东县","441323","12"
"龙门县","441324","12"
"梅州市","441400","12"
"梅江区","441402","12"
"梅县区","441403","12"
"大埔县","441422","12"
"丰顺县","441423","12"
"五华县","441424","12"
"平远县","441426","12"
"蕉岭县","441427","12"
"兴宁市","441481","12"
"汕尾市","441500","12"
"海丰县","441521","12"
"陆河县","441523","12"
"陆丰市","441581","12"
"河源市","441600","12"
"源城区","441602","12"
"紫金县","441621","12"
"龙川县","441622","12"
"连平县","441623","12"
"和平县","441624","12"
"东源县","441625","12"
"阳江市","441700","12"
"江城区","441702","12"
"阳东区","441704","12"
"阳西县","441721","12"
"阳春市","441781","12"
"清远市","441800","12"
"清城区","441802","12"
"清新区","441803","12"
"佛冈县","441821","12"
"阳山县","441823","12"
"连山壮族瑶族自治县","441825","12"
"连南瑶族自治县","441826","12"
"英德市","441881","12"
"连州市","441882","12"
"东莞市","441900","12"
"中山市","442000","12"
"潮州市","445100","12"
"湘桥区","445102","12"
"潮安区","445103","12"
"饶平县","445122","12"
"揭阳市","445200","12"
"榕城区","445202","12"
"揭东区","445203","12"
"揭西县","445222","12"
"惠来县","445224","12"
"普宁市","445281","12"
"云浮市","445300","12"
"云城区","445302","12"
"云安区","445303","12"
"新兴县","445321","12"
"郁南县","445322","12"
"罗定市","445381","12"
"广西壮族自治区","450000","12"
"南宁市","450100","12"
"兴宁区","450102","12"
"青秀区","450103","12"
"江南区","450105","12"
"西乡塘区","450107","12"
"良庆区","450108","12"
"邕宁区","450109","12"
"武鸣区","450110","12"
"隆安县","450123","12"
"马山县","450124","12"
"上林县","450125","12"
"宾阳县","450126","12"
"横县","450127","12"
"柳州市","450200","12"
"柳州市城中区","450202","12"
"鱼峰区","450203","12"
"柳南区","450204","12"
"柳北区","450205","12"
"柳江县","450221","12"
"柳城县","450222","12"
"鹿寨县","450223","12"
"融安县","450224","12"
"融水苗族自治县","450225","12"
"三江侗族自治县","450226","12"
"桂林市","450300","12"
"秀峰区","450302","12"
"叠彩区","450303","12"
"象山区","450304","12"
"七星区","450305","12"
"雁山区","450311","12"
"临桂区","450312","12"
"阳朔县","450321","12"
"灵川县","450323","12"
"全州县","450324","12"
"兴安县","450325","12"
"永福县","450326","12"
"灌阳县","450327","12"
"龙胜各族自治县","450328","12"
"资源县","450329","12"
"平乐县","450330","12"
"荔浦县","450331","12"
"恭城瑶族自治县","450332","12"
"梧州市","450400","12"
"万秀区","450403","12"
"长洲区","450405","12"
"龙圩区","450406","12"
"苍梧县","450421","12"
"藤县","450422","12"
"蒙山县","450423","12"
"岑溪市","450481","12"
"北海市","450500","12"
"海城区","450502","12"
"银海区","450503","12"
"铁山港区","450512","12"
"合浦县","450521","12"
"防城港市","450600","12"
"港口区","450602","12"
"防城区","450603","12"
"上思县","450621","12"
"东兴市","450681","12"
"钦州市","450700","12"
"钦南区","450702","12"
"钦北区","450703","12"
"灵山县","450721","12"
"浦北县","450722","12"
"贵港市","450800","12"
"港北区","450802","12"
"港南区","450803","12"
"覃塘区","450804","12"
"平南县","450821","12"
"桂平市","450881","12"
"玉林市","450900","12"
"玉州区","450902","12"
"福绵区","450903","12"
"容县","450921","12"
"陆川县","450922","12"
"博白县","450923","12"
"兴业县","450924","12"
"北流市","450981","12"
"百色市","451000","12"
"右江区","451002","12"
"田阳县","451021","12"
"田东县","451022","12"
"平果县","451023","12"
"德保县","451024","12"
"那坡县","451026","12"
"凌云县","451027","12"
"乐业县","451028","12"
"田林县","451029","12"
"西林县","451030","12"
"隆林各族自治县","451031","12"
"靖西市","451081","12"
"贺州市","451100","12"
"八步区","451102","12"
"昭平县","451121","12"
"钟山县","451122","12"
"富川瑶族自治县","451123","12"
"河池市","451200","12"
"金城江区","451202","12"
"南丹县","451221","12"
"天峨县","451222","12"
"凤山县","451223","12"
"东兰县","451224","12"
"罗城仫佬族自治县","451225","12"
"环江毛南族自治县","451226","12"
"巴马瑶族自治县","451227","12"
"都安瑶族自治县","451228","12"
"大化瑶族自治县","451229","12"
"宜州市","451281","12"
"来宾市","451300","12"
"兴宾区","451302","12"
"忻城县","451321","12"
"象州县","451322","12"
"武宣县","451323","12"
"金秀瑶族自治县","451324","12"
"合山市","451381","12"
"崇左市","451400","12"
"江州区","451402","12"
"扶绥县","451421","12"
"宁明县","451422","12"
"龙州县","451423","12"
"大新县","451424","12"
"天等县","451425","12"
"凭祥市","451481","12"
"海南省","460000","12"
"海口市","460100","12"
"秀英区","460105","12"
"海口市龙华区","460106","12"
"琼山区","460107","12"
"美兰区","460108","12"
"三亚市","460200","12"
"海棠区","460202","12"
"吉阳区","460203","12"
"天涯区","460204","12"
"崖州区","460205","12"
"三沙市","460300","12"
"西沙群岛","460321","12"
"南沙群岛","460322","12"
"中沙群岛的岛礁及其海域","460323","12"
"五指山市","469001","12"
"琼海市","469002","12"
"儋州市","469003","12"
"文昌市","469005","12"
"万宁市","469006","12"
"东方市","469007","12"
"定安县","469021","12"
"屯昌县","469022","12"
"澄迈县","469023","12"
"临高县","469024","12"
"白沙黎族自治县","469025","12"
"昌江黎族自治县","469026","12"
"乐东黎族自治县","469027","12"
"陵水黎族自治县","469028","12"
"保亭黎族苗族自治县","469029","12"
"琼中黎族苗族自治县","469030","12"
"重庆市","500000","12"
"万州区","500101","12"
"涪陵区","500102","12"
"渝中区","500103","12"
"大渡口区","500104","12"
"重庆市江北区","500105","12"
"沙坪坝区","500106","12"
"九龙坡区","500107","12"
"南岸区","500108","12"
"北碚区","500109","12"
"綦江区","500110","12"
"大足区","500111","12"
"渝北区","500112","12"
"巴南区","500113","12"
"黔江区","500114","12"
"长寿区","500115","12"
"江津区","500116","12"
"合川区","500117","12"
"永川区","500118","12"
"南川区","500119","12"
"璧山区","500120","12"
"铜梁区","500151","12"
"潼南区","500152","12"
"荣昌区","500153","12"
"梁平县","500228","12"
"城口县","500229","12"
"丰都县","500230","12"
"垫江县","500231","12"
"武隆县","500232","12"
"忠县","500233","12"
"开县","500234","12"
"云阳县","500235","12"
"奉节县","500236","12"
"巫山县","500237","12"
"巫溪县","500238","12"
"石柱土家族自治县","500240","12"
"秀山土家族苗族自治县","500241","12"
"酉阳土家族苗族自治县","500242","12"
"彭水苗族土家族自治县","500243","12"
"四川省","510000","12"
"成都市","510100","12"
"锦江区","510104","12"
"青羊区","510105","12"
"金牛区","510106","12"
"武侯区","510107","12"
"成华区","510108","12"
"龙泉驿区","510112","12"
"青白江区","510113","12"
"新都区","510114","12"
"温江区","510115","12"
"金堂县","510121","12"
"双流县","510122","12"
"郫县","510124","12"
"大邑县","510129","12"
"蒲江县","510131","12"
"新津县","510132","12"
"都江堰市","510181","12"
"彭州市","510182","12"
"邛崃市","510183","12"
"崇州市","510184","12"
"自贡市","510300","12"
"自流井区","510302","12"
"贡井区","510303","12"
"大安区","510304","12"
"沿滩区","510311","12"
"荣县","510321","12"
"富顺县","510322","12"
"攀枝花市","510400","12"
"东区","510402","12"
"西区","510403","12"
"仁和区","510411","12"
"米易县","510421","12"
"盐边县","510422","12"
"泸州市","510500","12"
"江阳区","510502","12"
"纳溪区","510503","12"
"龙马潭区","510504","12"
"泸县","510521","12"
"合江县","510522","12"
"叙永县","510524","12"
"古蔺县","510525","12"
"德阳市","510600","12"
"旌阳区","510603","12"
"中江县","510623","12"
"罗江县","510626","12"
"广汉市","510681","12"
"什邡市","510682","12"
"绵竹市","510683","12"
"绵阳市","510700","12"
"涪城区","510703","12"
"游仙区","510704","12"
"三台县","510722","12"
"盐亭县","510723","12"
"安县","510724","12"
"梓潼县","510725","12"
"北川羌族自治县","510726","12"
"平武县","510727","12"
"江油市","510781","12"
"广元市","510800","12"
"利州区","510802","12"
"昭化区","510811","12"
"朝天区","510812","12"
"旺苍县","510821","12"
"青川县","510822","12"
"剑阁县","510823","12"
"苍溪县","510824","12"
"遂宁市","510900","12"
"船山区","510903","12"
"安居区","510904","12"
"蓬溪县","510921","12"
"射洪县","510922","12"
"大英县","510923","12"
"内江市","511000","12"
"内江市市中区","511002","12"
"东兴区","511011","12"
"威远县","511024","12"
"资中县","511025","12"
"隆昌县","511028","12"
"乐山市","511100","12"
"乐山市市中区","511102","12"
"沙湾区","511111","12"
"五通桥区","511112","12"
"金口河区","511113","12"
"犍为县","511123","12"
"井研县","511124","12"
"夹江县","511126","12"
"沐川县","511129","12"
"峨边彝族自治县","511132","12"
"马边彝族自治县","511133","12"
"峨眉山市","511181","12"
"南充市","511300","12"
"顺庆区","511302","12"
"高坪区","511303","12"
"嘉陵区","511304","12"
"南部县","511321","12"
"营山县","511322","12"
"蓬安县","511323","12"
"仪陇县","511324","12"
"西充县","511325","12"
"阆中市","511381","12"
"眉山市","511400","12"
"东坡区","511402","12"
"彭山区","511403","12"
"仁寿县","511421","12"
"洪雅县","511423","12"
"丹棱县","511424","12"
"青神县","511425","12"
"宜宾市","511500","12"
"翠屏区","511502","12"
"南溪区","511503","12"
"宜宾县","511521","12"
"江安县","511523","12"
"长宁县","511524","12"
"高县","511525","12"
"珙县","511526","12"
"筠连县","511527","12"
"兴文县","511528","12"
"屏山县","511529","12"
"广安市","511600","12"
"广安区","511602","12"
"前锋区","511603","12"
"岳池县","511621","12"
"武胜县","511622","12"
"邻水县","511623","12"
"华蓥市","511681","12"
"达州市","511700","12"
"通川区","511702","12"
"达川区","511703","12"
"宣汉县","511722","12"
"开江县","511723","12"
"大竹县","511724","12"
"渠县","511725","12"
"万源市","511781","12"
"雅安市","511800","12"
"雨城区","511802","12"
"名山区","511803","12"
"荥经县","511822","12"
"汉源县","511823","12"
"石棉县","511824","12"
"天全县","511825","12"
"芦山县","511826","12"
"宝兴县","511827","12"
"巴中市","511900","12"
"巴州区","511902","12"
"恩阳区","511903","12"
"通江县","511921","12"
"南江县","511922","12"
"平昌县","511923","12"
"资阳市","512000","12"
"雁江区","512002","12"
"安岳县","512021","12"
"乐至县","512022","12"
"简阳市","512081","12"
"阿坝藏族羌族自治州","513200","12"
"汶川县","513221","12"
"理县","513222","12"
"茂县","513223","12"
"松潘县","513224","12"
"九寨沟县","513225","12"
"金川县","513226","12"
"小金县","513227","12"
"黑水县","513228","12"
"马尔康县","513229","12"
"壤塘县","513230","12"
"阿坝县","513231","12"
"若尔盖县","513232","12"
"红原县","513233","12"
"甘孜藏族自治州","513300","12"
"康定市","513301","12"
"泸定县","513322","12"
"丹巴县","513323","12"
"九龙县","513324","12"
"雅江县","513325","12"
"道孚县","513326","12"
"炉霍县","513327","12"
"甘孜县","513328","12"
"新龙县","513329","12"
"德格县","513330","12"
"白玉县","513331","12"
"石渠县","513332","12"
"色达县","513333","12"
"理塘县","513334","12"
"巴塘县","513335","12"
"乡城县","513336","12"
"稻城县","513337","12"
"得荣县","513338","12"
"凉山彝族自治州","513400","12"
"西昌市","513401","12"
"木里藏族自治县","513422","12"
"盐源县","513423","12"
"德昌县","513424","12"
"会理县","513425","12"
"会东县","513426","12"
"宁南县","513427","12"
"普格县","513428","12"
"布拖县","513429","12"
"金阳县","513430","12"
"昭觉县","513431","12"
"喜德县","513432","12"
"冕宁县","513433","12"
"越西县","513434","12"
"甘洛县","513435","12"
"美姑县","513436","12"
"雷波县","513437","12"
"贵州省","520000","12"
"贵阳市","520100","12"
"南明区","520102","12"
"云岩区","520103","12"
"花溪区","520111","12"
"乌当区","520112","12"
"贵阳市白云区","520113","12"
"观山湖区","520115","12"
"开阳县","520121","12"
"息烽县","520122","12"
"修文县","520123","12"
"清镇市","520181","12"
"六盘水市","520200","12"
"钟山区","520201","12"
"六枝特区","520203","12"
"水城县","520221","12"
"盘县","520222","12"
"遵义市","520300","12"
"红花岗区","520302","12"
"汇川区","520303","12"
"遵义县","520321","12"
"桐梓县","520322","12"
"绥阳县","520323","12"
"正安县","520324","12"
"道真仡佬族苗族自治县","520325","12"
"务川仡佬族苗族自治县","520326","12"
"凤冈县","520327","12"
"湄潭县","520328","12"
"余庆县","520329","12"
"习水县","520330","12"
"赤水市","520381","12"
"仁怀市","520382","12"
"安顺市","520400","12"
"西秀区","520402","12"
"平坝区","520403","12"
"普定县","520422","12"
"镇宁布依族苗族自治县","520423","12"
"关岭布依族苗族自治县","520424","12"
"紫云苗族布依族自治县","520425","12"
"毕节市","520500","12"
"七星关区","520502","12"
"大方县","520521","12"
"黔西县","520522","12"
"金沙县","520523","12"
"织金县","520524","12"
"纳雍县","520525","12"
"威宁彝族回族苗族自治县","520526","12"
"赫章县","520527","12"
"铜仁市","520600","12"
"碧江区","520602","12"
"万山区","520603","12"
"江口县","520621","12"
"玉屏侗族自治县","520622","12"
"石阡县","520623","12"
"思南县","520624","12"
"印江土家族苗族自治县","520625","12"
"德江县","520626","12"
"沿河土家族自治县","520627","12"
"松桃苗族自治县","520628","12"
"黔西南布依族苗族自治州","522300","12"
"兴义市","522301","12"
"兴仁县","522322","12"
"普安县","522323","12"
"晴隆县","522324","12"
"贞丰县","522325","12"
"望谟县","522326","12"
"册亨县","522327","12"
"安龙县","522328","12"
"黔东南苗族侗族自治州","522600","12"
"凯里市","522601","12"
"黄平县","522622","12"
"施秉县","522623","12"
"三穗县","522624","12"
"镇远县","522625","12"
"岑巩县","522626","12"
"天柱县","522627","12"
"锦屏县","522628","12"
"剑河县","522629","12"
"台江县","522630","12"
"黎平县","522631","12"
"榕江县","522632","12"
"从江县","522633","12"
"雷山县","522634","12"
"麻江县","522635","12"
"丹寨县","522636","12"
"黔南布依族苗族自治州","522700","12"
"都匀市","522701","12"
"福泉市","522702","12"
"荔波县","522722","12"
"贵定县","522723","12"
"瓮安县","522725","12"
"独山县","522726","12"
"平塘县","522727","12"
"罗甸县","522728","12"
"长顺县","522729","12"
"龙里县","522730","12"
"惠水县","522731","12"
"三都水族自治县","522732","12"
"云南省","530000","12"
"昆明市","530100","12"
"五华区","530102","12"
"盘龙区","530103","12"
"官渡区","530111","12"
"西山区","530112","12"
"东川区","530113","12"
"呈贡区","530114","12"
"晋宁县","530122","12"
"富民县","530124","12"
"宜良县","530125","12"
"石林彝族自治县","530126","12"
"嵩明县","530127","12"
"禄劝彝族苗族自治县","530128","12"
"寻甸回族彝族自治县","530129","12"
"安宁市","530181","12"
"曲靖市","530300","12"
"麒麟区","530302","12"
"马龙县","530321","12"
"陆良县","530322","12"
"师宗县","530323","12"
"罗平县","530324","12"
"富源县","530325","12"
"会泽县","530326","12"
"沾益县","530328","12"
"宣威市","530381","12"
"玉溪市","530400","12"
"红塔区","530402","12"
"江川县","530421","12"
"澄江县","530422","12"
"通海县","530423","12"
"华宁县","530424","12"
"易门县","530425","12"
"峨山彝族自治县","530426","12"
"新平彝族傣族自治县","530427","12"
"元江哈尼族彝族傣族自治县","530428","12"
"保山市","530500","12"
"隆阳区","530502","12"
"施甸县","530521","12"
"龙陵县","530523","12"
"昌宁县","530524","12"
"腾冲市","530581","12"
"昭通市","530600","12"
"昭阳区","530602","12"
"鲁甸县","530621","12"
"巧家县","530622","12"
"盐津县","530623","12"
"大关县","530624","12"
"永善县","530625","12"
"绥江县","530626","12"
"镇雄县","530627","12"
"彝良县","530628","12"
"威信县","530629","12"
"水富县","530630","12"
"丽江市","530700","12"
"古城区","530702","12"
"玉龙纳西族自治县","530721","12"
"永胜县","530722","12"
"华坪县","530723","12"
"宁蒗彝族自治县","530724","12"
"普洱市","530800","12"
"思茅区","530802","12"
"宁洱哈尼族彝族自治县","530821","12"
"墨江哈尼族自治县","530822","12"
"景东彝族自治县","530823","12"
"景谷傣族彝族自治县","530824","12"
"镇沅彝族哈尼族拉祜族自治县","530825","12"
"江城哈尼族彝族自治县","530826","12"
"孟连傣族拉祜族佤族自治县","530827","12"
"澜沧拉祜族自治县","530828","12"
"西盟佤族自治县","530829","12"
"临沧市","530900","12"
"临翔区","530902","12"
"凤庆县","530921","12"
"云县","530922","12"
"永德县","530923","12"
"镇康县","530924","12"
"双江拉祜族佤族布朗族傣族自治县","530925","12"
"耿马傣族佤族自治县","530926","12"
"沧源佤族自治县","530927","12"
"楚雄彝族自治州","532300","12"
"楚雄市","532301","12"
"双柏县","532322","12"
"牟定县","532323","12"
"南华县","532324","12"
"姚安县","532325","12"
"大姚县","532326","12"
"永仁县","532327","12"
"元谋县","532328","12"
"武定县","532329","12"
"禄丰县","532331","12"
"红河哈尼族彝族自治州","532500","12"
"个旧市","532501","12"
"开远市","532502","12"
"蒙自市","532503","12"
"弥勒市","532504","12"
"屏边苗族自治县","532523","12"
"建水县","532524","12"
"石屏县","532525","12"
"泸西县","532527","12"
"元阳县","532528","12"
"红河县","532529","12"
"金平苗族瑶族傣族自治县","532530","12"
"绿春县","532531","12"
"河口瑶族自治县","532532","12"
"文山壮族苗族自治州","532600","12"
"文山市","532601","12"
"砚山县","532622","12"
"西畴县","532623","12"
"麻栗坡县","532624","12"
"马关县","532625","12"
"丘北县","532626","12"
"广南县","532627","12"
"富宁县","532628","12"
"西双版纳傣族自治州","532800","12"
"景洪市","532801","12"
"勐海县","532822","12"
"勐腊县","532823","12"
"大理白族自治州","532900","12"
"大理市","532901","12"
"漾濞彝族自治县","532922","12"
"祥云县","532923","12"
"宾川县","532924","12"
"弥渡县","532925","12"
"南涧彝族自治县","532926","12"
"巍山彝族回族自治县","532927","12"
"永平县","532928","12"
"云龙县","532929","12"
"洱源县","532930","12"
"剑川县","532931","12"
"鹤庆县","532932","12"
"德宏傣族景颇族自治州","533100","12"
"瑞丽市","533102","12"
"芒市","533103","12"
"梁河县","533122","12"
"盈江县","533123","12"
"陇川县","533124","12"
"怒江傈僳族自治州","533300","12"
"泸水县","533321","12"
"福贡县","533323","12"
"贡山独龙族怒族自治县","533324","12"
"兰坪白族普米族自治县","533325","12"
"迪庆藏族自治州","533400","12"
"香格里拉市","533401","12"
"德钦县","533422","12"
"维西傈僳族自治县","533423","12"
"西藏自治区","540000","12"
"拉萨市","540100","12"
"拉萨市城关区","540102","12"
"林周县","540121","12"
"当雄县","540122","12"
"尼木县","540123","12"
"曲水县","540124","12"
"堆龙德庆县","540125","12"
"达孜县","540126","12"
"墨竹工卡县","540127","12"
"日喀则市","540200","12"
"桑珠孜区","540202","12"
"南木林县","540221","12"
"江孜县","540222","12"
"定日县","540223","12"
"萨迦县","540224","12"
"拉孜县","540225","12"
"昂仁县","540226","12"
"谢通门县","540227","12"
"白朗县","540228","12"
"仁布县","540229","12"
"康马县","540230","12"
"定结县","540231","12"
"仲巴县","540232","12"
"亚东县","540233","12"
"吉隆县","540234","12"
"聂拉木县","540235","12"
"萨嘎县","540236","12"
"岗巴县","540237","12"
"昌都市","540300","12"
"卡若区","540302","12"
"江达县","540321","12"
"贡觉县","540322","12"
"类乌齐县","540323","12"
"丁青县","540324","12"
"察雅县","540325","12"
"八宿县","540326","12"
"左贡县","540327","12"
"芒康县","540328","12"
"洛隆县","540329","12"
"边坝县","540330","12"
"林芝市","540400","12"
"巴宜区","540402","12"
"工布江达县","540421","12"
"米林县","540422","12"
"墨脱县","540423","12"
"波密县","540424","12"
"察隅县","540425","12"
"朗县","540426","12"
"山南地区","542200","12"
"乃东县","542221","12"
"扎囊县","542222","12"
"贡嘎县","542223","12"
"桑日县","542224","12"
"琼结县","542225","12"
"曲松县","542226","12"
"措美县","542227","12"
"洛扎县","542228","12"
"加查县","542229","12"
"隆子县","542231","12"
"错那县","542232","12"
"浪卡子县","542233","12"
"那曲地区","542400","12"
"那曲县","542421","12"
"嘉黎县","542422","12"
"比如县","542423","12"
"聂荣县","542424","12"
"安多县","542425","12"
"申扎县","542426","12"
"索县","542427","12"
"班戈县","542428","12"
"巴青县","542429","12"
"尼玛县","542430","12"
"双湖县","542431","12"
"阿里地区","542500","12"
"普兰县","542521","12"
"札达县","542522","12"
"噶尔县","542523","12"
"日土县","542524","12"
"革吉县","542525","12"
"改则县","542526","12"
"措勤县","542527","12"
"陕西省","610000","12"
"西安市","610100","12"
"西安市新城区","610102","12"
"碑林区","610103","12"
"莲湖区","610104","12"
"灞桥区","610111","12"
"未央区","610112","12"
"雁塔区","610113","12"
"阎良区","610114","12"
"临潼区","610115","12"
"西安市长安区","610116","12"
"高陵区","610117","12"
"蓝田县","610122","12"
"周至县","610124","12"
"户县","610125","12"
"铜川市","610200","12"
"王益区","610202","12"
"印台区","610203","12"
"耀州区","610204","12"
"宜君县","610222","12"
"宝鸡市","610300","12"
"渭滨区","610302","12"
"金台区","610303","12"
"陈仓区","610304","12"
"凤翔县","610322","12"
"岐山县","610323","12"
"扶风县","610324","12"
"眉县","610326","12"
"陇县","610327","12"
"千阳县","610328","12"
"麟游县","610329","12"
"凤县","610330","12"
"太白县","610331","12"
"咸阳市","610400","12"
"秦都区","610402","12"
"杨陵区","610403","12"
"渭城区","610404","12"
"三原县","610422","12"
"泾阳县","610423","12"
"乾县","610424","12"
"礼泉县","610425","12"
"永寿县","610426","12"
"彬县","610427","12"
"长武县","610428","12"
"旬邑县","610429","12"
"淳化县","610430","12"
"武功县","610431","12"
"兴平市","610481","12"
"渭南市","610500","12"
"临渭区","610502","12"
"华县","610521","12"
"潼关县","610522","12"
"大荔县","610523","12"
"合阳县","610524","12"
"澄城县","610525","12"
"蒲城县","610526","12"
"白水县","610527","12"
"富平县","610528","12"
"韩城市","610581","12"
"华阴市","610582","12"
"延安市","610600","12"
"宝塔区","610602","12"
"延长县","610621","12"
"延川县","610622","12"
"子长县","610623","12"
"安塞县","610624","12"
"志丹县","610625","12"
"吴起县","610626","12"
"甘泉县","610627","12"
"富县","610628","12"
"洛川县","610629","12"
"宜川县","610630","12"
"黄龙县","610631","12"
"黄陵县","610632","12"
"汉中市","610700","12"
"汉台区","610702","12"
"南郑县","610721","12"
"城固县","610722","12"
"洋县","610723","12"
"西乡县","610724","12"
"勉县","610725","12"
"宁强县","610726","12"
"略阳县","610727","12"
"镇巴县","610728","12"
"留坝县","610729","12"
"佛坪县","610730","12"
"榆林市","610800","12"
"榆阳区","610802","12"
"神木县","610821","12"
"府谷县","610822","12"
"横山县","610823","12"
"靖边县","610824","12"
"定边县","610825","12"
"绥德县","610826","12"
"米脂县","610827","12"
"佳县","610828","12"
"吴堡县","610829","12"
"清涧县","610830","12"
"子洲县","610831","12"
"安康市","610900","12"
"汉滨区","610902","12"
"汉阴县","610921","12"
"石泉县","610922","12"
"宁陕县","610923","12"
"紫阳县","610924","12"
"岚皋县","610925","12"
"平利县","610926","12"
"镇坪县","610927","12"
"旬阳县","610928","12"
"白河县","610929","12"
"商洛市","611000","12"
"商州区","611002","12"
"洛南县","611021","12"
"丹凤县","611022","12"
"商南县","611023","12"
"山阳县","611024","12"
"镇安县","611025","12"
"柞水县","611026","12"
"甘肃省","620000","12"
"兰州市","620100","12"
"兰州市城关区","620102","12"
"七里河区","620103","12"
"西固区","620104","12"
"安宁区","620105","12"
"红古区","620111","12"
"永登县","620121","12"
"皋兰县","620122","12"
"榆中县","620123","12"
"嘉峪关市","620200","12"
"金昌市","620300","12"
"金川区","620302","12"
"永昌县","620321","12"
"白银市","620400","12"
"白银区","620402","12"
"平川区","620403","12"
"靖远县","620421","12"
"会宁县","620422","12"
"景泰县","620423","12"
"天水市","620500","12"
"秦州区","620502","12"
"麦积区","620503","12"
"清水县","620521","12"
"秦安县","620522","12"
"甘谷县","620523","12"
"武山县","620524","12"
"张家川回族自治县","620525","12"
"武威市","620600","12"
"凉州区","620602","12"
"民勤县","620621","12"
"古浪县","620622","12"
"天祝藏族自治县","620623","12"
"张掖市","620700","12"
"甘州区","620702","12"
"肃南裕固族自治县","620721","12"
"民乐县","620722","12"
"临泽县","620723","12"
"高台县","620724","12"
"山丹县","620725","12"
"平凉市","620800","12"
"崆峒区","620802","12"
"泾川县","620821","12"
"灵台县","620822","12"
"崇信县","620823","12"
"华亭县","620824","12"
"庄浪县","620825","12"
"静宁县","620826","12"
"酒泉市","620900","12"
"肃州区","620902","12"
"金塔县","620921","12"
"瓜州县","620922","12"
"肃北蒙古族自治县","620923","12"
"阿克塞哈萨克族自治县","620924","12"
"玉门市","620981","12"
"敦煌市","620982","12"
"庆阳市","621000","12"
"西峰区","621002","12"
"庆城县","621021","12"
"环县","621022","12"
"华池县","621023","12"
"合水县","621024","12"
"正宁县","621025","12"
"宁县","621026","12"
"镇原县","621027","12"
"定西市","621100","12"
"安定区","621102","12"
"通渭县","621121","12"
"陇西县","621122","12"
"渭源县","621123","12"
"临洮县","621124","12"
"漳县","621125","12"
"岷县","621126","12"
"陇南市","621200","12"
"武都区","621202","12"
"成县","621221","12"
"文县","621222","12"
"宕昌县","621223","12"
"康县","621224","12"
"西和县","621225","12"
"礼县","621226","12"
"徽县","621227","12"
"两当县","621228","12"
"临夏回族自治州","622900","12"
"临夏市","622901","12"
"临夏县","622921","12"
"康乐县","622922","12"
"永靖县","622923","12"
"广河县","622924","12"
"和政县","622925","12"
"东乡族自治县","622926","12"
"积石山保安族东乡族撒拉族自治县","622927","12"
"甘南藏族自治州","623000","12"
"合作市","623001","12"
"临潭县","623021","12"
"卓尼县","623022","12"
"舟曲县","623023","12"
"迭部县","623024","12"
"玛曲县","623025","12"
"碌曲县","623026","12"
"夏河县","623027","12"
"青海省","630000","12"
"西宁市","630100","12"
"城东区","630102","12"
"西宁市城中区","630103","12"
"城西区","630104","12"
"城北区","630105","12"
"大通回族土族自治县","630121","12"
"湟中县","630122","12"
"湟源县","630123","12"
"海东市","630200","12"
"乐都区","630202","12"
"平安区","630203","12"
"民和回族土族自治县","630222","12"
"互助土族自治县","630223","12"
"化隆回族自治县","630224","12"
"循化撒拉族自治县","630225","12"
"海北藏族自治州","632200","12"
"门源回族自治县","632221","12"
"祁连县","632222","12"
"海晏县","632223","12"
"刚察县","632224","12"
"黄南藏族自治州","632300","12"
"同仁县","632321","12"
"尖扎县","632322","12"
"泽库县","632323","12"
"河南蒙古族自治县","632324","12"
"海南藏族自治州","632500","12"
"共和县","632521","12"
"同德县","632522","12"
"贵德县","632523","12"
"兴海县","632524","12"
"贵南县","632525","12"
"果洛藏族自治州","632600","12"
"玛沁县","632621","12"
"班玛县","632622","12"
"甘德县","632623","12"
"达日县","632624","12"
"久治县","632625","12"
"玛多县","632626","12"
"玉树藏族自治州","632700","12"
"玉树市","632701","12"
"杂多县","632722","12"
"称多县","632723","12"
"治多县","632724","12"
"囊谦县","632725","12"
"曲麻莱县","632726","12"
"海西蒙古族藏族自治州","632800","12"
"格尔木市","632801","12"
"德令哈市","632802","12"
"乌兰县","632821","12"
"都兰县","632822","12"
"天峻县","632823","12"
"宁夏回族自治区","640000","12"
"银川市","640100","12"
"兴庆区","640104","12"
"西夏区","640105","12"
"金凤区","640106","12"
"永宁县","640121","12"
"贺兰县","640122","12"
"灵武市","640181","12"
"石嘴山市","640200","12"
"大武口区","640202","12"
"惠农区","640205","12"
"平罗县","640221","12"
"吴忠市","640300","12"
"利通区","640302","12"
"红寺堡区","640303","12"
"盐池县","640323","12"
"同心县","640324","12"
"青铜峡市","640381","12"
"固原市","640400","12"
"原州区","640402","12"
"西吉县","640422","12"
"隆德县","640423","12"
"泾源县","640424","12"
"彭阳县","640425","12"
"中卫市","640500","12"
"沙坡头区","640502","12"
"中宁县","640521","12"
"海原县","640522","12"
"新疆维吾尔自治区","650000","12"
"乌鲁木齐市","650100","12"
"天山区","650102","12"
"沙依巴克区","650103","12"
"新市区","650104","12"
"水磨沟区","650105","12"
"头屯河区","650106","12"
"达坂城区","650107","12"
"米东区","650109","12"
"乌鲁木齐县","650121","12"
"克拉玛依市","650200","12"
"独山子区","650202","12"
"克拉玛依区","650203","12"
"白碱滩区","650204","12"
"乌尔禾区","650205","12"
"吐鲁番市","650400","12"
"高昌区","650402","12"
"鄯善县","650421","12"
"托克逊县","650422","12"
"哈密地区","652200","12"
"哈密市","652201","12"
"巴里坤哈萨克自治县","652222","12"
"伊吾县","652223","12"
"昌吉回族自治州","652300","12"
"昌吉市","652301","12"
"阜康市","652302","12"
"呼图壁县","652323","12"
"玛纳斯县","652324","12"
"奇台县","652325","12"
"吉木萨尔县","652327","12"
"木垒哈萨克自治县","652328","12"
"博尔塔拉蒙古自治州","652700","12"
"博乐市","652701","12"
"阿拉山口市","652702","12"
"精河县","652722","12"
"温泉县","652723","12"
"巴音郭楞蒙古自治州","652800","12"
"库尔勒市","652801","12"
"轮台县","652822","12"
"尉犁县","652823","12"
"若羌县","652824","12"
"且末县","652825","12"
"焉耆回族自治县","652826","12"
"和静县","652827","12"
"和硕县","652828","12"
"博湖县","652829","12"
"阿克苏地区","652900","12"
"阿克苏市","652901","12"
"温宿县","652922","12"
"库车县","652923","12"
"沙雅县","652924","12"
"新和县","652925","12"
"拜城县","652926","12"
"乌什县","652927","12"
"阿瓦提县","652928","12"
"柯坪县","652929","12"
"克孜勒苏柯尔克孜自治州","653000","12"
"阿图什市","653001","12"
"阿克陶县","653022","12"
"阿合奇县","653023","12"
"乌恰县","653024","12"
"喀什地区","653100","12"
"喀什市","653101","12"
"疏附县","653121","12"
"疏勒县","653122","12"
"英吉沙县","653123","12"
"泽普县","653124","12"
"莎车县","653125","12"
"叶城县","653126","12"
"麦盖提县","653127","12"
"岳普湖县","653128","12"
"伽师县","653129","12"
"巴楚县","653130","12"
"塔什库尔干塔吉克自治县","653131","12"
"和田地区","653200","12"
"和田市","653201","12"
"和田县","653221","12"
"墨玉县","653222","12"
"皮山县","653223","12"
"洛浦县","653224","12"
"策勒县","653225","12"
"于田县","653226","12"
"民丰县","653227","12"
"伊犁哈萨克自治州","654000","12"
"伊宁市","654002","12"
"奎屯市","654003","12"
"霍尔果斯市","654004","12"
"伊宁县","654021","12"
"察布查尔锡伯自治县","654022","12"
"霍城县","654023","12"
"巩留县","654024","12"
"新源县","654025","12"
"昭苏县","654026","12"
"特克斯县","654027","12"
"尼勒克县","654028","12"
"塔城地区","654200","12"
"塔城市","654201","12"
"乌苏市","654202","12"
"额敏县","654221","12"
"沙湾县","654223","12"
"托里县","654224","12"
"裕民县","654225","12"
"和布克赛尔蒙古自治县","654226","12"
"阿勒泰地区","654300","12"
"阿勒泰市","654301","12"
"布尔津县","654321","12"
"富蕴县","654322","12"
"福海县","654323","12"
"哈巴河县","654324","12"
"青河县","654325","12"
"吉木乃县","654326","12"
"石河子市","659001","12"
"阿拉尔市","659002","12"
"图木舒克市","659003","12"
"五家渠市","659004","12"
"台湾省","710000","12"
"香港特别行政区","810000","12"
"澳门特别行政区","820000","12"
"新加坡","702","12"
"圣荷西","55101","12"
"巴黎","16118","12"
"莫斯科","643095","12"
"巴基斯坦","586","12"
"越南","704","12"
"老挝","418","12"
"柬埔寨","116","12"
"缅甸","104","12"
"马来西亚","458","12"
"印度尼西亚","360","12"
"文莱","096","12"
"菲律宾","608","12"
"东帝汶","626","12"
"挪威","578","12"
"爱尔兰","372","12"
"比利时","056","12"
"卢森堡","442","12"
"奥地利","040","12"
"瑞士","756","12"
"加拿大","124","12"
"澳大利亚","036","12"
"新西兰","554","12"
"圣马力诺","674","12"
"立陶宛","440","12"
"摩尔多瓦","498","12"
"黑山共和国","499","12"
"马其顿","807","12"
"斯洛文尼亚","705","12"
"摩纳哥","492","12"
"冰岛","352","12"
"马耳他","470","12"
"爱沙尼亚","233","12"
"乌克兰","804","12"
"斯洛伐克","703","12"
"罗马尼亚","642","12"
"科索沃","12000","12"
"阿尔巴尼亚","008","12"
"克罗地亚","191","12"
"列支敦士登","438","12"
"梵蒂冈","336","12"
"安道尔","020","12"
"拉脱维亚","428","12"
"白俄罗斯","112","12"
"保加利亚","100","12"
"波黑共和国","070","12"
"塞尔维亚","688","12"
"苏丹","729","12"
"埃及","818","12"
"利比亚","434","12"
"突尼斯","788","12"
"阿尔及利亚","012","12"
"摩洛哥","504","12"
"沙特","682","12"
"伊朗","364","12"
"科威特","414","12"
"伊拉克","368","12"
"阿联酋","784","12"
"阿曼","512","12"
"卡塔尔","634","12"
"巴林","048","12"
"土耳其","792","12"
"以色列","376","12"
"巴勒斯坦","275","12"
"叙利亚","760","12"
"黎巴嫩","422","12"
"约旦","400","12"
"也门","887","12"
"塞浦路斯","196","12"
"埃塞俄比亚","231","12"
"安哥拉","024","12"
"贝宁","204","12"
"博茨瓦纳","072","12"
"布基纳法索","854","12"
"布隆迪","108","12"
"赤道几内亚","226","12"
"多哥","768","12"
"厄立特里亚","232","12"
"佛得角","132","12"
"冈比亚","270","12"
"刚果","178","12"
"刚果民主共和国","180","12"
"吉布提","262","12"
"几内亚","324","12"
"几内亚比绍","624","12"
"加纳","288","12"
"加蓬","266","12"
"津巴布韦","716","12"
"喀麦隆","120","12"
"科摩罗","174","12"
"科特迪瓦","384","12"
"肯尼亚","404","12"
"莱索托","426","12"
"利比里亚","430","12"
"卢旺达","646","12"
"马达加斯加","450","12"
"马拉维","454","12"
"马里","466","12"
"毛里求斯","480","12"
"毛里塔尼亚","478","12"
"莫桑比克","508","12"
"纳米比亚","516","12"
"南非","710","12"
"南苏丹","728","12"
"尼日尔","562","12"
"尼日利亚","566","12"
"塞拉利昂","694","12"
"塞内加尔","686","12"
"塞舌尔","690","12"
"圣多美和普林西比","678","12"
"斯威士兰","748","12"
"索马里","706","12"
"坦桑尼亚","834","12"
"乌干达","800","12"
"赞比亚","894","12"
"乍得","148","12"
"中非","140","12"
"印度","356","12"
"哥伦比亚","170","12"
"委内瑞拉","862","12"
"圭亚那","328","12"
"法属圭亚那","254","12"
"苏里南","740","12"
"厄瓜多尔","218","12"
"秘鲁","604","12"
"玻利维亚","068","12"
"巴西","076","12"
"智利","152","12"
"阿根廷","032","12"
"乌拉圭","858","12"
"巴拉圭","600","12"
"墨西哥","484","12"
"危地马拉","320","12"
"洪都拉斯","340","12"
"萨尔瓦多","222","12"
"尼加拉瓜","558","12"
"哥斯达黎加","188","12"
"巴拿马","591","12"
"古巴","192","12"
"海地","332","12"
"多米尼加","214","12"
"牙买加","388","12"
"特立尼达和多巴哥","780","12"
"巴巴多斯","052","12"
"格林纳达","308","12"
"多米尼加联邦","212","12"
"圣卢西亚","662","12"
"圣文森特和格林纳丁斯","670","12"
"巴哈马","044","12"
"圣基茨和尼维斯","659","12"
"伯利兹","084","12"
"安提瓜和巴布达","028","12"
"休斯敦","77000","12"
"波士顿","02101","12"
