"地球与空间科学","31602","7"
"自然地理学","31603","7"
"人文地理学","31604","7"
"地图学与地理信息系统","31605","7"
"固体地球物理学","31606","7"
"森林保护学","90614","7"
"森林经理学","90615","7"
"野生动植物保护与利用","90616","7"
"园林植物与观赏园艺","90617","7"
"水土保持与荒漠化防治","90618","7"
"蚕学","90701","7"
"动物科学","90703","7"
"森林生产类","90800","7"
"园林","90802","7"
"农业水利工程","90803","7"
"农业资源与环境","90804","7"
"木材科学与工程","90805","7"
"植物保护类","90900","7"
"植物病理学","90901","7"
"农业昆虫与害虫防治","90902","7"
"农药学","90903","7"
"畜牧兽医","91001","7"
"饲料与动物营养","91002","7"
"动物药学","91003","7"
"动物医学","91004","7"
"动植物检疫","91005","7"
"基础兽医学","91006","7"
"预防兽医学","91007","7"
"临床兽医学","91008","7"
"作物学类","91100","7"
"作物栽培学与耕作学","91101","7"
"作物遗传育种","91102","7"
"哲学","100000","7"
"伦理学","100101","7"
"逻辑学","100102","7"
"哲学基地班","100105","7"
"宗教研究","100106","7"
"宗教学","100107","7"
"马克思主义哲学","100108","7"
"中国哲学","100109","7"
"外国哲学","100110","7"
"美学","100111","7"
"科学技术哲学","100112","7"
"旅游与酒店管理","110101","7"
"旅游管理","110102","7"
"旅游管理与服务教育","110103","7"
"劳动与社会保障","110106","7"
"劳动关系","110107","7"
"行政秘书","110108","7"
"行政管理","110109","7"
"社会学系","110110","7"
"空间物理学","31607","7"
"无机化学","31701","7"
"应用化学","31702","7"
"应用化学--石油产品与应用工程","31703","7"
"应用化学－工业研究","31704","7"
"应用化学－环境研究","31705","7"
"材料化学","31706","7"
"地球化学","31707","7"
"分子科学与工程","31708","7"
"化学","31709","7"
"化学生物学","31711","7"
"化学制药技术","31712","7"
"化学工程与工艺","31713","7"
"化学基地班","31714","7"
"化学教育","31715","7"
"精细化学品生产技术","31716","7"
"分析化学","31717","7"
"有机化学","31718","7"
"物理化学","31719","7"
"高分子化学与物理","31720","7"
"材料科学类","31800","7"
"材料物理","31801","7"
"材料学","31802","7"
"材料成型及控制工程","31803","7"
"材料科学与工程","31806","7"
"高分子材料与工程","31807","7"
"工商管理","31808","7"
"法学","40000","7"
"政法学类","40100","7"
"思想政治教育","40101","7"
"外交学","40102","7"
"预警探测指挥","40103","7"
"政治学与行政学","40106","7"
"政治及国际关系学","40107","7"
"国防工程与防护","40108","7"
"国际政治","40109","7"
"国际政治经济学","40110","7"
"国际关系与安全","40111","7"
"工程兵指挥","40112","7"
"军需勤务指挥","40113","7"
"军事外交","40115","7"
"军队采办","40116","7"
"公安法制学类","40200","7"
"刑事司法学","40201","7"
"武警指挥","40202","7"
"侦测工程","40203","7"
"侦查学","40204","7"
"侦察与特种兵指挥","40205","7"
"炮兵指挥","40206","7"
"治安学","40207","7"
"边防指挥","40208","7"
"边防管理","40209","7"
"犯罪学","40210","7"
"公安情报学","40211","7"
"公安视听技术","40212","7"
"公安管理学","40213","7"
"军队审计","40214","7"
"经济犯罪侦查","40215","7"
"警犬技术","40216","7"
"知识产权","40301","7"
"法律","40302","7"
"法律事务","40303","7"
"海商法","40309","7"
"监狱学","40310","7"
"法学理论","40311","7"
"法律史","40312","7"
"宪法学与行政法学","40313","7"
"刑法学","40314","7"
"民商法学","40315","7"
"诉讼法学","40316","7"
"经济法学","40317","7"
"环境与资源保护法学","40318","7"
"国际法学","40319","7"
"军事法学","40320","7"
"法律硕士","40321","7"
"政治学理论","40401","7"
"中外政治制度","40402","7"
"科学社会主义与国际共产主义运动","40403","7"
"中共党史","40404","7"
"国际关系","40406","7"
"马克思主义学类","40500","7"
"中国革命史与中国共产党党史","40501","7"
"马克思主义基本原理","40503","7"
"马克思主义发展史","40504","7"
"马克思主义中国化研究","40505","7"
"国外马克思主义研究","40506","7"
"中国近现代史基本问题研究","40508","7"
"民族学","40601","7"
"马克思主义民族理论与政策","40602","7"
"中国少数民族经济","40603","7"
"中国少数民族史","40604","7"
"中国少数民族艺术","40605","7"
"社会学","40701","7"
"社会工作","40703","7"
"社会科学试验班","40704","7"
"人类学","40705","7"
"人文学科","40706","7"
"文秘","40707","7"
"中国研究－社会学","40708","7"
"火灾勘察","40709","7"
"家政学","40710","7"
"人口学","40711","7"
"民俗学","40712","7"
"教育学","50000","7"
"基础心理学","50101","7"
"发展与教育心理学","50102","7"
"应用心理学","50103","7"
"心理学","50104","7"
"应用心理学经济心理学方向","50107","7"
"军事心理学","50108","7"
"教育科学类","50200","7"
"美术教育","50201","7"
"旅游管理教育","50202","7"
"理科实验班类","50203","7"
"民族传统教育","50204","7"
"林学教育","50205","7"
"畜禽生产教育","50206","7"
"小学教育","50207","7"
"市场营销教育","50208","7"
"人文教育","50209","7"
"生物技术教育","50210","7"
"数学教育","50211","7"
"食品营养与检验教育","50212","7"
"食品工艺教育","50213","7"
"土木工程教育","50215","7"
"物理教育","50216","7"
"文秘教育","50217","7"
"文科试验班类","50218","7"
"文科实验班","50219","7"
"音乐系","50222","7"
"艺术教育","50223","7"
"英语教育","50224","7"
"应用电子技术教育","50227","7"
"园林教育","50228","7"
"园艺教育","50229","7"
"医学试验班类","50230","7"
"幼儿英语教育","50231","7"
"烹饪和营养教育","50232","7"
"农艺教育","50233","7"
"农产品储运与加工教育","50234","7"
"职业技术教育管理","50235","7"
"本科预科班","50236","7"
"财务管理教育","50237","7"
"汉语言文学教育","50238","7"
"机电技术教育","50239","7"
"计算机科学与技术教育","50241","7"
"教育技术学","50244","7"
"科学教育","50245","7"
"教育学原理","50246","7"
"课程与教学论","50247","7"
"教育史","50248","7"
"比较教育学","50249","7"
"学前教育学","50250","7"
"高等教育学","50251","7"
"成人教育学","50252","7"
"职业技术教育学","50253","7"
"特殊教育学","50254","7"
"社会体育","50302","7"
"体育管理与经营","50303","7"
"体育及康乐管理","50304","7"
"体育教育","50305","7"
"体育装备工程","50306","7"
"运动人体科学","50307","7"
"运动训练","50308","7"
"运动康复与健康","50309","7"
"体育人文社会学","50310","7"
"体育教育训练学","50312","7"
"民族传统体育学","50313","7"
"战略学类","60100","7"
"军事战略学","60101","7"
"战争动员学","60102","7"
"战役学类","60200","7"
"联合战役学","60201","7"
"军种战役学","60202","7"
"军队政治工作学类","60300","7"
"军制学类","60400","7"
"军事组织编制学","60401","7"
"军队管理学","60402","7"
"军事后勤学与军事装备学类","60500","7"
"军事后勤学","60501","7"
"后方勤务","60502","7"
"军事装备学","60503","7"
"战术学类","60600","7"
"合同战术学","60601","7"
"兵种战术学","60602","7"
"军事思想及军事历史类","60700","7"
"军事思想","60701","7"
"军事历史","60702","7"
"军队指挥学类","60800","7"
"作战指挥学","60801","7"
"军事运筹学","60802","7"
"军事通信学","60803","7"
"军事情报学","60804","7"
"密码学","60805","7"
"军事教育训练学","60806","7"
"经济学","70000","7"
"理论经济学类","70100","7"
"政治经济学","70101","7"
"经济思想史","70102","7"
"经济史","70103","7"
"西方经济学","70104","7"
"世界经济","70105","7"
"人口、资源与环境经济学","70106","7"
"应用经济学类","70200","7"
"国民经济学","70201","7"
"区域经济学","70202","7"
"财政学","70203","7"
"金融学","70204","7"
"产业经济学","70205","7"
"国际贸易学","70206","7"
"劳动经济学","70207","7"
"统计学","70208","7"
"数量经济学","70209","7"
"国防经济","70210","7"
"国际经济与贸易","70301","7"
"贸易经济","70302","7"
"信用管理","70303","7"
"市场营销","70304","7"
"市场开发与营销","70305","7"
"税务","70306","7"
"物流管理","70307","7"
"体育经济","70308","7"
"投资学","70310","7"
"网络经济学","70311","7"
"应用气象学","70312","7"
"营销学","70313","7"
"医药营销","70314","7"
"汽车技术服务与营销","70316","7"
"中国研究－经济","70317","7"
"保险实务贸易经济","70318","7"
"保险","70319","7"
"财务学","70320","7"
"财务管理","70321","7"
"财务会计教育","70322","7"
"电子商务","70324","7"
"房地产经营与估计","70325","7"
"国民经济管理","70326","7"
"国际贸易实务","70327","7"
"国际事务","70329","7"
"国际事务与国际关系","70330","7"
"国际商务","70331","7"
"国际文化贸易","70332","7"
"国际文化交流","70333","7"
"海洋经济学","70335","7"
"会计学","70336","7"
"会计电算化","70337","7"
"金融管理与实务","70340","7"
"金融工程","70341","7"
"经济学基地班","70345","7"
"经济学1","70346","7"
"资讯系统学","70349","7"
"历史学","80000","7"
"历史学基地班","80104","7"
"历史建筑保护工程","80105","7"
"世界历史","80106","7"
"文物与博物馆学","80107","7"
"文物保护技术","80108","7"
"中国文化","80109","7"
"中国研究－历史","80110","7"
"中国革命史与中国共产党史","80111","7"
"博物馆学","80112","7"
"考古学","80114","7"
"中国史","80115","7"
"世界史","80116","7"
"农学","90000","7"
"畜牧学类","90100","7"
"动物遗传育种与繁殖","90101","7"
"动物营养与饲料科学","90102","7"
"草业科学","90103","7"
"特种经济动物饲养","90104","7"
"水产养殖学","90201","7"
"水族科学与技术","90202","7"
"渔业综合技术","90203","7"
"光学工程类","10100","7"
"光学工程","10101","7"
"地质资源与地质工程类","10200","7"
"矿产普查与勘探","10201","7"
"地球探测与信息技术","10202","7"
"地质工程","10203","7"
"雷达工程","10301","7"
"信息对抗技术","10302","7"
"武器系统与发射工程","10304","7"
"武器系统与工程","10305","7"
"探测指导与控制技术","10306","7"
"特种能源工程与烟火技术","10307","7"
"兵器工程","10308","7"
"弹药工程","10309","7"
"弹药工程与爆炸技术","10310","7"
"导弹工程","10311","7"
"地面武器机动工程","10312","7"
"地雷爆破与破障工程","10313","7"
"核生化消防","10314","7"
"核技术","10315","7"
"集成电路设计","10316","7"
"装备保障指挥","10317","7"
"武器系统与运用工程","10318","7"
"兵器发射理论与技术","10319","7"
"火炮、自动武器与弹药工程","10320","7"
"军事化学与烟火技术","10321","7"
"船艇指挥","10401","7"
"船舶与海洋工程","10402","7"
"船舶工程技术","10403","7"
"导航工程","10408","7"
"港口航道与海岸工程","10409","7"
"舰船动力工程","10410","7"
"建筑工程技术","10411","7"
"船舶与海洋结构物设计制造","10412","7"
"轮机工程","10413","7"
"水声工程","10414","7"
"林学","10501","7"
"林产化工","10502","7"
"森林工程","10504","7"
"消防指挥","10506","7"
"园林工程技术","10508","7"
"木材科学与技术","10510","7"
"林产化学加工工程","10511","7"
"控制科学与工程类","10600","7"
"控制理论与控制工程","10601","7"
"检测技术与自动化装置","10602","7"
"系统工程","10603","7"
"模式识别与智能系统","10604","7"
"导航、制导与控制","10605","7"
"数控技术","10701","7"
"数控技术及应用","10702","7"
"探测制导与控制技术","10703","7"
"遥感科学与技术","10705","7"
"应用电子技术","10706","7"
"应用化工技术","10707","7"
"制冷与冷藏技术","10708","7"
"制造自动化与测控技术","10709","7"
"测量工程","10710","7"
"测控工程","10711","7"
"测控技术与仪器","10712","7"
"机电设备运行与维护","10713","7"
"机电系统智能控制","10714","7"
"煤及煤层气工程","10801","7"
"石油工程","10802","7"
"油气储运工程","10803","7"
"采矿工程","10804","7"
"地质学","10806","7"
"地质学基地班","10807","7"
"矿物加工工程","10810","7"
"矿物资源工程","10811","7"
"勘察技术与工程","10812","7"
"资源勘察工程","10813","7"
"数字图像处理与传输","10814","7"
"雷电防护科学与技术","10901","7"
"灾害防治工程","10902","7"
"安全工程","10903","7"
"城市规划","10904","7"
"环境生态类","10905","7"
"环境工程","10907","7"
"环境科学","10908","7"
"建筑环境与设备工程","10909","7"
"冶金工程类","11000","7"
"冶金物理化学","11001","7"
"钢铁冶金","11002","7"
"有色金属冶金","11003","7"
"交通运输工程类","11100","7"
"道路与铁道工程","11101","7"
"交通信息工程及控制","11102","7"
"交通运输规划与管理","11103","7"
"载运工具运用工程","11104","7"
"测绘工程","11202","7"
"工程测量技术","11204","7"
"空间信息与数字技术","11205","7"
"大地测量学与测量工程","11206","7"
"摄影测量与遥感","11207","7"
"地图制图学与地理信息工程","11208","7"
"热能与动力工程","11301","7"
"热电工程方向","11302","7"
"生物医学工程","11303","7"
"汽车内燃机","11304","7"
"汽车发动机","11305","7"
"能源系统及自动化","11306","7"
"能源与环境系统工程プㄒ","11307","7"
"能源动力系统及自动化","11309","7"
"能源动力学","11310","7"
"能源工程及自动化","11311","7"
"制冷与空调方向","11312","7"
"电力系统自动化技术","11313","7"
"高压输配电线路施工运行与维护","11314","7"
"工程物理","11315","7"
"供用电技术","11316","7"
"核工程与核技术","11317","7"
"计算机测控技术方向","11318","7"
"自动化","11319","7"
"化学工程与技术类","11400","7"
"化学工程","11401","7"
"化学工艺","11402","7"
"生物化工","11403","7"
"工业催化","11405","7"
"伪装工程","11501","7"
"探测工程","11502","7"
"应用物理学","11503","7"
"野战给水工程","11504","7"
"指挥自动化工程","11505","7"
"风能与动力工程","11506","7"
"国防建筑设备工程","11507","7"
"管理工程","11508","7"
"工业工程","11509","7"
"工程力学与航天航空工程","11511","7"
"工程力学","11512","7"
"工程结构分析","11513","7"
"军用材料工程","11514","7"
"军用光电工程","11515","7"
"空间工程","11516","7"
"电气工程类","11600","7"
"电机与电器","11601","7"
"电力系统及其自动化","11602","7"
"高电压与绝缘技术","11603","7"
"电力电子与电力传动","11604","7"
"电工理论与新技术","11605","7"
"安全技术及工程","11703","7"
"民航运输","11801","7"
"民航机务工程","11802","7"
"物流工程","11805","7"
"汽车维修工程教育","11807","7"
"汽车指挥","11808","7"
"汽车电子技术","11809","7"
"汽车服务工","11810","7"
"汽车检测与维修技术","11811","7"
"汽车技术与营销","11812","7"
"城市交通运输","11814","7"
"车辆运用工程","11815","7"
"车辆工程","11816","7"
"飞行技术","11817","7"
"航运管理","11818","7"
"航海技术","11819","7"
"交通设备信息工程","11820","7"
"交通运输","11821","7"
"交通管理工程","11824","7"
"交通工程","11825","7"
"交通建设与装备","11826","7"
"军事交通指挥与工程","11827","7"
"可靠性系统工程","11828","7"
"空中乘务","11829","7"
"轻工生物技术","11901","7"
"生物工程","11905","7"
"生物技术","11906","7"
"质量与可靠性工程","11907","7"
"核动力工程","11908","7"
"火力指挥与控制工程","11909","7"
"仪器科学与技术类","12000","7"
"精密仪器及机械","12001","7"
"测试计量技术及仪器","12002","7"
"刑事科学技术","12101","7"
"信息显示与光电技术","12102","7"
"信息研究与安全","12103","7"
"信息安全技术","12104","7"
"信息工程","12105","7"
"信息科学技术","12106","7"
"软件工程","12107","7"
"软件技术","12108","7"
"软件技术及其应用","12109","7"
"数字传媒技术","12111","7"
"微电子学","12112","7"
"通信与信息系统","12113","7"
"通信工程","12114","7"
"通信技术","12115","7"
"系统科学与工程","12118","7"
"网络工程","12119","7"
"影视艺术技术","12121","7"
"智能科学与技术","12122","7"
"电力工程与管理","12124","7"
"电力工程及其自动化","12125","7"
"电气信息","12126","7"
"电气信息工程","12129","7"
"电气工程与自动化","12130","7"
"电气工程及其自动化","12131","7"
"电气自动化技术","12132","7"
"电机及电子工程","12134","7"
"电子信息工程技术","12135","7"
"电子信息工程","12136","7"
"电子信息工程本科","12137","7"
"电子工程","12139","7"
"电子科学与技术","12140","7"
"电子资讯科技","12142","7"
"广播电视工程","12143","7"
"光电信息工程","12144","7"
"计算机信息管理","12146","7"
"计算机软件","12147","7"
"计算机通信","12148","7"
"计算机应用","12149","7"
"计算机多媒体技术","12150","7"
"计算机技术及其应用","12151","7"
"计算机科学与技术","12152","7"
"集成电路设计与集成系统","12153","7"
"建筑设施智能化","12154","7"
"农业电气化与自动化","12201","7"
"农业工程","12202","7"
"农业机械化及其自动化","12204","7"
"农业建筑环境与能源工程","12205","7"
"农业机械化工程","12208","7"
"农业水土工程","12209","7"
"农业生物环境与能源工程","12210","7"
"动力工程及工程热物理类","12300","7"
"工程热物理","12301","7"
"热能工程","12302","7"
"动力机械及工程","12303","7"
"流体机械及工程","12304","7"
"制冷及低温工程","12305","7"
"化工过程机械","12306","7"
"纺织科学与工程类","12400","7"
"纺织工程","12401","7"
"纺织材料与纺织品设计","12402","7"
"纺织化学与染整工程","12403","7"
"服装设计与工程","12404","7"
"理化测试及质检技术","12501","7"
"轮机工程技术","12502","7"
"热能动力设备与应用","12503","7"
"数控技术应用","12504","7"
"物流装备","12505","7"
"铁道机车车辆","12506","7"
"无人机运用工程","12507","7"
"汽车运用工程","12508","7"
"汽车服务工程","12510","7"
"制造工程","12511","7"
"飞行器制造工程","12516","7"
"过程装备与控制工程","12517","7"
"工业设计","12518","7"
"焊接技术及自动化","12519","7"
"航空电子设备维修","12520","7"
"航空机电设备维修","12521","7"
"机械设计与制造","12523","7"
"机械设计制造及其自动化","12524","7"
"机械制造与自动化","12526","7"
"机械电子工程","12527","7"
"机械工程及自动化","12528","7"
"机电一体化","12530","7"
"机械制造及其自动化","12531","7"
"机械设计及理论","12532","7"
"建筑学类","12600","7"
"建筑历史与理论","12601","7"
"建筑设计及其理论","12602","7"
"城市规划与设计","12603","7"
"建筑技术科学","12604","7"
"防空兵指挥","12701","7"
"飞行器设计与工程","12702","7"
"飞行器系统与工程","12703","7"
"飞行器制造与工程","12704","7"
"飞行器动力工程","12705","7"
"飞行器环境与生命保障工程","12706","7"
"航天运输与控制","12708","7"
"航空兵场站指挥","12709","7"
"航空飞行与指挥","12710","7"
"航空反潜工程","12711","7"
"飞行器设计","12714","7"
"航空宇航推进理论与工程","12715","7"
"航空宇航制造工程","12716","7"
"人机与环境工程","12717","7"
"轻工技术与工程类","12800","7"
"制浆造纸工程","12801","7"
"制糖工程","12802","7"
"发酵工程","12803","7"
"皮革化学与工程","12804","7"
"石油与天然气工程类","12900","7"
"油气井工程","12901","7"
"油气田开发工程","12902","7"
"核科学与技术类","13000","7"
"核能科学与工程","13001","7"
"核燃料循环与材料","13002","7"
"核技术及应用","13003","7"
"辐射防护及环境保护","13004","7"
"轻纺织食品类","13101","7"
"轻化工程","13103","7"
"商品学","13104","7"
"商品检验","13105","7"
"食品质量与安全","13106","7"
"食品加工技术","13107","7"
"食品科学与工程","13108","7"
"针织技术与针织服装","13110","7"
"印刷工程","13111","7"
"烹饪工艺与营养","13112","7"
"包装工程","13113","7"
"产品质量工程","13114","7"
"非织造材料与工程","13115","7"
"服装设计和染织设计","13118","7"
"刑事技术","13201","7"
"商务韩语","20211","7"
"信息网络安全监察","13204","7"
"信息安全","13205","7"
"人民武装","13206","7"
"消防工程","13207","7"
"治安系","13209","7"
"安全防范工程","13210","7"
"禁毒学","13212","7"
"警察指挥与战术","13214","7"
"作战信息管理","13215","7"
"水土保持","13301","7"
"土木工程","13302","7"
"土建","13304","7"
"模具设计与制造","13306","7"
"城市地下空间工程","13307","7"
"道路桥梁与渡河工程","13309","7"
"给水排水工程","13310","7"
"国防建筑学","13311","7"
"工程造价","13314","7"
"工程管理","13315","7"
"建筑学","13316","7"
"建筑工程","13317","7"
"建筑工程管理","13318","7"
"建筑工程教育","13320","7"
"景观学","13322","7"
"岩土工程","13323","7"
"结构工程","13324","7"
"市政工程","13325","7"
"供热、供燃气、通风及空调工程","13326","7"
"防灾减灾工程及防护工程","13327","7"
"桥梁与隧道工程","13328","7"
"食品科学","13501","7"
"粮食、油脂及植物蛋白工程","13502","7"
"农产品加工及贮藏工程","13503","7"
"水产品加工及贮藏工程","13504","7"
"室内装饰技术","13601","7"
"稀土工程","13602","7"
"无机非金属材料工程","13603","7"
"再生资源科学与技术","13604","7"
"冶金工程","13605","7"
"宝石及材料工艺学","13607","7"
"材料与成型控制技术","13611","7"
"材料成型与控制工程","13612","7"
"仿真工程","13617","7"
"粉体材料科学与工程","13618","7"
"复合材料与工程","13619","7"
"高分子材料加工工程","13622","7"
"焊接技术与工程","13625","7"
"金属材料工程","13626","7"
"材料物理与化学","13628","7"
"材料加工工程","13630","7"
"电子科学与技术类","13700","7"
"物理电子学","13701","7"
"电路与系统","13702","7"
"微电子学与固体电子学","13703","7"
"电磁场与微波技术","13704","7"
"水利水电工程","13802","7"
"水利水电建筑工程","13804","7"
"水利工程施工技术","13805","7"
"水务工程","13806","7"
"水文与水资源工程","13807","7"
"水文与工程地质","13809","7"
"城市水利","13811","7"
"地下水科学与工程","13812","7"
"给水排水科学与工程","13814","7"
"教育科学与管理","13815","7"
"水文学及水资源","13816","7"
"水力学及河流动力学","13817","7"
"水工结构工程","13818","7"
"港口、海岸及近海工程","13819","7"
"化学与制药类","13900","7"
"药物制剂","13901","7"
"制药工程","13902","7"
"化学工程与工业生物工程","13904","7"
"化工与制药","13905","7"
"理论与应用力学","14001","7"
"力学基地班","14003","7"
"一般力学与力学基础","14004","7"
"固体力学","14005","7"
"流体力学","14006","7"
"计算机科学与技术类","14100","7"
"计算机系统结构","14101","7"
"计算机软件与理论","14102","7"
"计算机应用技术","14103","7"
"信息与通信工程类","14200","7"
"信号与信息处理","14202","7"
"艺术类","20100","7"
"美术史","20101","7"
"美术学","20102","7"
"录音艺术","20103","7"
"鞋类设计工艺","20104","7"
"摄影","20105","7"
"人物形象设计","20106","7"
"室内设计","20107","7"
"视觉艺术","20108","7"
"视觉传达设计","20109","7"
"舞蹈学","20110","7"
"舞蹈编导","20111","7"
"戏曲舞台设计","20112","7"
"戏曲表演","20113","7"
"戏文","20114","7"
"戏剧学","20115","7"
"戏剧影视美术设计","20116","7"
"戏剧影视文学","20117","7"
"网络动画设计","20118","7"
"游戏与动漫设计","20119","7"
"音乐学","20120","7"
"音乐表演","20121","7"
"音乐工程系","20123","7"
"音乐教育系","20124","7"
"音乐剧","20125","7"
"艺术设计学","20127","7"
"艺术设计","20130","7"
"艺术史论","20134","7"
"艺术学","20135","7"
"艺术管理系","20136","7"
"影视文学","20137","7"
"影视戏曲表演","20138","7"
"影视学","20139","7"
"园艺","20140","7"
"平面广告设计","20141","7"
"表演","20142","7"
"播音与主持艺术","20143","7"
"电脑艺术设计","20144","7"
"雕塑","20146","7"
"导演","20147","7"
"动画","20148","7"
"纺织品装饰艺术设计","20149","7"
"服装设计","20150","7"
"服装表演","20161","7"
"服装工艺技术","20162","7"
"广播电视编导","20163","7"
"广告设计与制作","20164","7"
"广告学","20165","7"
"国画","20166","7"
"国际艺术设计","20167","7"
"国际服装表演与设计","20168","7"
"古典文献","20169","7"
"工艺美术","20170","7"
"绘画","20172","7"
"环境艺术设计","20173","7"
"计算机图形图像制作","20174","7"
"计算机平面设计","20175","7"
"装潢艺术设计","20176","7"
"作曲与作曲技术理论","20177","7"
"设计艺术学","20180","7"
"戏剧戏曲学","20181","7"
"电影学","20182","7"
"广播电视艺术学","20183","7"
"旅游商务英语","20201","7"
"美国班","20202","7"
"蒙古语","20203","7"
"蒙古语言文学","20204","7"
"缅甸语","20205","7"
"瑞典语","20206","7"
"商务日语","20207","7"
"商务英语","20209","7"
"日语","20212","7"
"外贸英语","20213","7"
"希腊语","20217","7"
"希伯语","20218","7"
"泰语","20219","7"
"西班牙语","20220","7"
"雅典语","20221","7"
"意大利语","20222","7"
"意大利语班","20223","7"
"印地语","20224","7"
"印度尼西亚语","20225","7"
"英语","20226","7"
"英国语言文学","20235","7"
"英国班","20236","7"
"应用英语","20237","7"
"应用俄语","20238","7"
"应用韩语","20239","7"
"越南语","20240","7"
"欧洲研究－德文","20241","7"
"欧洲研究－法文","20242","7"
"葡萄牙语","20243","7"
"澳大利亚班","20244","7"
"阿拉伯语","20245","7"
"藏语言文学","20246","7"
"朝鲜语","20247","7"
"德语","20249","7"
"俄语","20250","7"
"俄语双语","20251","7"
"菲律宾语","20252","7"
"法语","20253","7"
"法语班","20254","7"
"国际商务英语","20255","7"
"荷兰语","20256","7"
"韩国语","20257","7"
"加拿大班","20258","7"
"金融英语","20259","7"
"捷克语-斯洛伐克语","20260","7"
"经贸日语","20261","7"
"英语语言文学","20262","7"
"俄语语言文学","20263","7"
"法语语言文学","20264","7"
"德语语言文学","20265","7"
"日语语言文学","20266","7"
"印度语言文学","20267","7"
"西班牙语语言文学","20268","7"
"阿拉伯语语言文学","20269","7"
"欧洲语言文学","20270","7"
"亚非语言文学","20271","7"
"外国语言学及应用语言学","20272","7"
"汉语言文学类","20300","7"
"社会科学实验班","20301","7"
"人文科学实验班","20302","7"
"言语听觉科学","20304","7"
"语文教育","20305","7"
"应用语言学","20306","7"
"中国少数民族语言文学","20307","7"
"中国文学","20308","7"
"中国语言文学基地班","20311","7"
"中国语言文化","20312","7"
"对外汉语","20313","7"
"金融数学","30910","7"
"对外汉语教育","20316","7"
"汉语言","20318","7"
"汉语言文学","20319","7"
"文艺学","20323","7"
"语言学及应用语言学","20324","7"
"汉语言文字学","20325","7"
"中国古典文献学","20326","7"
"中国古代文学","20327","7"
"中国现当代文学","20328","7"
"比较文学与世界文学","20330","7"
"新闻学类","20400","7"
"媒体创意","20401","7"
"新闻学","20402","7"
"新闻采编与制作","20403","7"
"数码图象传播","20406","7"
"政治与行政管理","20407","7"
"中文新闻","20408","7"
"编辑出版学","20409","7"
"传播学","20410","7"
"电影电视","20412","7"
"翻译","20413","7"
"广播新闻","20414","7"
"广播电视新闻学","20415","7"
"广播电视编导学","20416","7"
"国际新闻","20419","7"
"国际网络新闻与传播","20420","7"
"公关及广告","20421","7"
"组织传播","20422","7"
"生命科学与技术基地班","30101","7"
"生物信息学","30102","7"
"生物学基地班","30103","7"
"生物功能材料","30105","7"
"生物化学","30106","7"
"生物化学与分子生物学","30107","7"
"生物科学","30109","7"
"生物科学与生物系技术","30111","7"
"生化防护工程","30112","7"
"食品生物技术","30113","7"
"微生物","30114","7"
"遗传学","30115","7"
"预防医学","30116","7"
"应用生物学－生物技术","30117","7"
"应用生物学－环境科学","30118","7"
"应用生物科学","30119","7"
"医学信息学","30120","7"
"植物生物技术","30121","7"
"动物生物技术","30122","7"
"防化兵指挥","30123","7"
"分子生物学","30124","7"
"植物学","30125","7"
"动物学","30126","7"
"生理学","30127","7"
"水生生物学","30128","7"
"微生物学","30129","7"
"神经生物学","30130","7"
"发育生物学","30131","7"
"细胞生物学","30132","7"
"生物物理学","30133","7"
"生态学","30134","7"
"系统理论","30201","7"
"系统分析与集成","30202","7"
"大气科学","30302","7"
"军事气象学","30309","7"
"气象学","30310","7"
"大气物理学与大气环境","30311","7"
"理论物理学","30401","7"
"声学","30402","7"
"物理学","30403","7"
"物理学－物理与电脑","30405","7"
"物理学基地班","30406","7"
"光信息科学与技术","30408","7"
"理论物理","30410","7"
"粒子物理与原子核物理","30411","7"
"原子与分子物理","30412","7"
"等离子体物理","30413","7"
"凝聚态物理","30414","7"
"光学","30415","7"
"无线电物理","30416","7"
"矿物学、岩石学、矿床学","30507","7"
"古生物学与地层学","30508","7"
"构造地质学","30509","7"
"第四纪地质学","30510","7"
"海洋生物资源与环境","30601","7"
"海洋技术","30602","7"
"海洋科学","30603","7"
"军事海洋学","30605","7"
"物理海洋学","30606","7"
"海洋化学","30607","7"
"海洋生物学","30608","7"
"海洋地质","30609","7"
"统计及运筹学","30702","7"
"辐射防护与环境工程","30802","7"
"环境生态学","30804","7"
"环境科学与工程","30808","7"
"环境资源与发展经济学","30809","7"
"资源环境科学","30810","7"
"资源科学与工程","30811","7"
"资源勘查工程","30812","7"
"理科实验班","30901","7"
"信息与计算科学","30903","7"
"数理基础科学","30904","7"
"数学与应用数学","30906","7"
"数学基地班","30907","7"
"应用数学","30908","7"
"应用及计算数学","30909","7"
"基础数学","30911","7"
"计算数学","30912","7"
"概率论与数理统计","30913","7"
"运筹学与控制论","30914","7"
"天文学","31201","7"
"空间科学与技术","31202","7"
"天体物理","31203","7"
"天体测量与天体力学","31204","7"
"科学技术史","31300","7"
"科学技术史类","31301","7"
"中国研究－地理","31403","7"
"地理","31404","7"
"地理信息系统","31405","7"
"地理学基地班","31406","7"
"地理教育","31407","7"
"地理科学","31408","7"
"地球信息科学与技术","31410","7"
"地图学与地理信息工程","31411","7"
"科学与工程计算系","31412","7"
"资源环境与城市规划管理","31413","7"
"资源环境与城乡规划管理","31414","7"
"信息管理与信息系统","31505","7"
"信息科学与技术","31507","7"
"人工智能","31509","7"
"软件开发","31514","7"
"数字媒体艺术","31515","7"
"数字媒体技术","31516","7"
"微电子制造工程","31519","7"
"通信指挥","31520","7"
"系统与控制","31522","7"
"网络通信","31523","7"
"网络系统管理","31524","7"
"网络计算","31526","7"
"无线通信","31527","7"
"真空电子技术","31528","7"
"中加合作计算机网络技术","31531","7"
"电信工程及管理","31533","7"
"电磁场与无线技术","31535","7"
"电子信息技术及仪器","31538","7"
"电子信息科学与技术","31540","7"
"电子商务及法律","31542","7"
"电子对抗指挥与工程","31543","7"
"光通信","31546","7"
"光电子技术科学","31547","7"
"计算机信息安全技术","31548","7"
"计算机软件工程","31550","7"
"计算机网络","31551","7"
"计算机网络工程","31552","7"
"计算机网络技术","31553","7"
"计算机及应用","31555","7"
"计算机结构与系统","31556","7"
"计算机科学","31557","7"
"计算机科学与软件工程类","31558","7"
"海洋渔业科学与技术","90204","7"
"水产养殖","90205","7"
"捕捞学","90206","7"
"渔业资源","90207","7"
"设施农业科学与工程","90302","7"
"烟草","90303","7"
"葡萄与葡萄酒工程","90307","7"
"种子科学与工程","90308","7"
"植物医学","90310","7"
"植物保护","90311","7"
"植物科学与技术","90312","7"
"茶学","90313","7"
"草业科学类","90314","7"
"景观建筑设计","90316","7"
"园艺学类","90400","7"
"果树学","90401","7"
"蔬菜学","90402","7"
"农业资源利用类","90500","7"
"土壤学","90501","7"
"植物营养学","90502","7"
"森林消防","90602","7"
"森林资源与保护游憩","90603","7"
"森林资源保护与游憩","90605","7"
"园林技术","90606","7"
"野生动物与自然保护区管理","90607","7"
"农村区域发展","90610","7"
"风景园林","90611","7"
"林木遗传育种","90612","7"
"森林培育","90613","7"
"商务秘书","110113","7"
"速录秘书","110114","7"
"涉外秘书","110115","7"
"土地资源管理","110116","7"
"物业管理","110118","7"
"项目管理","110119","7"
"体育产业管理","110120","7"
"体育服务与管理","110121","7"
"文化产业管理","110124","7"
"文化传媒秘书","110125","7"
"现代高等秘书","110126","7"
"办公管理","110127","7"
"博彩业管理","110128","7"
"城市管理","110129","7"
"导游","110130","7"
"法务秘书","110131","7"
"房地产经营与管理","110132","7"
"房地产经营管理","110133","7"
"高级助理","110134","7"
"工程监理","110136","7"
"公共行政","110137","7"
"公共事务管理","110138","7"
"公共事业管理","110139","7"
"公共卫生事业管理","110142","7"
"公共政策学","110143","7"
"公共安全管理","110144","7"
"公共管理","110145","7"
"公共关系学","110147","7"
"公关文秘","110148","7"
"航空服务","110149","7"
"会展策划与管理","110150","7"
"会展管理","110151","7"
"金融秘书","110152","7"
"金融数学系","110153","7"
"酒店管理","110154","7"
"社会医学与卫生事业管理","110157","7"
"教育经济与管理","110158","7"
"社会保障","110159","7"
"乡镇企业管理","110202","7"
"农林经济管理","110203","7"
"农业经济管理","110207","7"
"林业经济管理","110208","7"
"连锁经营管理","110302","7"
"人力资源管理学","110305","7"
"人力资源管理","110306","7"
"商务策划管理","110307","7"
"商务管理","110308","7"
"审计学","110310","7"
"特许经营与管理","110314","7"
"中加合作工商企业管理","110315","7"
"保险学精算","110316","7"
"报关与国际货运","110317","7"
"国际旅游管理","110323","7"
"国际贸易管理","110324","7"
"国际物流管理","110326","7"
"国际企业管理","110327","7"
"国际房地产管理","110328","7"
"国际金融管理","110329","7"
"管理科学","110330","7"
"工商企业管理","110331","7"
"工商管理学","110335","7"
"供应链管理学","110336","7"
"会展经济与管理","110337","7"
"经济信息管理","110341","7"
"经济管理类","110342","7"
"企业管理","110343","7"
"技术经济及管理","110345","7"
"民航安全技术管理","110401","7"
"物业管理方面","110407","7"
"治安管理","110408","7"
"电子金融","110409","7"
"海事管理","110416","7"
"军队财务管理","110417","7"
"经济与管理","110418","7"
"警察管理","110419","7"
"资产评估","110420","7"
"装备经济管理","110421","7"
"图书档案学类","110500","7"
"信息资源管理","110501","7"
"图书馆学","110503","7"
"档案学","110504","7"
"综合人才培养实验班","110506","7"
"情报学","110508","7"
"流行病与卫生统计学","120104","7"
"劳动卫生与环境卫生学","120105","7"
"营养与食品卫生学","120106","7"
"儿少卫生与妇幼保健学","120107","7"
"卫生毒理学","120108","7"
"军事预防医学","120109","7"
"中西医结合基础","120201","7"
"中西医结合临床","120202","7"
"中药类","120300","7"
"中药学","120302","7"
"中药资源与开发","120303","7"
"法医学","120401","7"
"营养学","120502","7"
"护理学","120505","7"
"天然药物学","120601","7"
"应用药学","120602","7"
"药事管理","120603","7"
"药学","120605","7"
"中草药栽培与鉴定","120607","7"
"海洋药学","120610","7"
"药物化学","120611","7"
"药剂学","120612","7"
"生药学","120613","7"
"药物分析学","120614","7"
"微生物与生化药学","120615","7"
"药理学","120616","7"
"基础药学基础班","120617","7"
"食药用菌","120701","7"
"卫生检验","120702","7"
"医学信息工程","120703","7"
"医学试验班","120704","7"
"医学检验","120705","7"
"女性学","120706","7"
"妇幼保健医学","120707","7"
"基础医学基地班","120708","7"
"基础医学","120709","7"
"人体解剖与组织胚胎学","120711","7"
"免疫学","120712","7"
"病原生物学","120713","7"
"病理学与病理生理学","120714","7"
"放射医学","120716","7"
"航空、航天与航海医学","120717","7"
"中西医临床医学","120801","7"
"口腔修复工艺学","120802","7"
"口腔医学","120804","7"
"口腔基础医学","120805","7"
"口腔临床医学","120806","7"
"麻醉学","120901","7"
"临床医学与医学技术","120904","7"
"临床医学","120905","7"
"眼视光学","120906","7"
"医学美容技术","120908","7"
"医学实验学","120909","7"
"医学影像学","120910","7"
"医学技术","120912","7"
"精神医学","120914","7"
"康复治疗学","120915","7"
"内科学","120916","7"
"儿科学","120917","7"
"老年医学","120918","7"
"神经病学","120919","7"
"精神病与精神卫生学","120920","7"
"皮肤病与性病学","120921","7"
"影像医学与核医学","120922","7"
"临床检验诊断学","120923","7"
"外科学","120925","7"
"妇产科学","120926","7"
"眼科学","120927","7"
"耳鼻咽喉科学","120928","7"
"肿瘤学","120929","7"
"康复医学与理疗学","120930","7"
"运动医学","120931","7"
"急诊医学","120933","7"
"蒙医学","121001","7"
"针灸推拿学","121002","7"
"中医学及生物医学","121004","7"
"中医学","121005","7"
"藏医学","121006","7"
"中医基础理论","121007","7"
"中医临床基础","121008","7"
"中医医史文献","121009","7"
"方剂学","121010","7"
"中医诊断学","121011","7"
"中医内科学","121012","7"
"中医外科学","121013","7"
"中医骨伤科学","121014","7"
"中医妇科学","121015","7"
"中医儿科学","121016","7"
"中医五官科学","121017","7"
"民族医学","121019","7"
"mba","151001","7"
"emba","0","7"
"管理科学与工程","0","7"
"光电信息与通信工程","0","7"
"经济统计学","0","7"
"税收学","0","7"
"保险学","0","7"
"科学社会主义","0","7"
"中国共产党历史","0","7"
"学前教育","50221","7"
"特殊教育","50220","7"
"社会体育指导与管理","0","7"
"武术与民族传统体育","0","7"
"汉语国际教育","0","7"
"古典文献学","0","7"
"波斯语","0","7"
"梵语巴利语","0","7"
"柬埔寨语","0","7"
"老挝语","0","7"
"马来语","0","7"
"僧伽罗语","0","7"
"乌尔都语","0","7"
"希伯来语","0","7"
"豪萨语","0","7"
"斯瓦希里语","0","7"
"阿尔巴尼亚语","0","7"
"保加利亚语","0","7"
"波兰语","0","7"
"捷克语","0","7"
"斯洛伐克语","0","7"
"罗马尼亚语","0","7"
"塞尔维亚语","0","7"
"土耳其语","0","7"
"匈牙利语","0","7"
"泰米尔语","0","7"
"普什图语","0","7"
"世界语","0","7"
"孟加拉语","0","7"
"尼泊尔语","0","7"
"克罗地亚语","0","7"
"芬兰语","0","7"
"乌克兰语","0","7"
"挪威语","0","7"
"丹麦语","0","7"
"冰岛语","0","7"
"爱尔兰语","0","7"
"拉脱维亚语","0","7"
"立陶宛语","0","7"
"斯洛文尼亚语","0","7"
"爱沙尼亚语","0","7"
"马耳他语","0","7"
"哈萨克语","0","7"
"乌兹别克语","0","7"
"祖鲁语","0","7"
"拉丁语","0","7"
"广播电视学","0","7"
"核物理","0","7"
"自然地理与资源环境","0","7"
"人文地理与城乡规划","0","7"
"地理信息科学","0","7"
"应用统计学","0","7"
"机械工程","0","7"
"能源与动力工程","0","7"
"微电子科学与工程","0","7"
"光电信息科学与工程","0","7"
"物联网工程","0","7"
"建筑环境与能源应用工程","0","7"
"给排水科学与工程","0","7"
"建筑电气与智能化","0","7"
"勘查技术与工程","0","7"
"航空航天工程","0","7"
"武器发射工程","0","7"
"特种能源技术与工程","0","7"
"装甲车辆工程","0","7"
"辐射防护与核安全","0","7"
"核化工与核燃料工程","0","7"
"农业电气化","0","7"
"环境生态工程","0","7"
"粮食工程","0","7"
"乳品工程","0","7"
"酿酒工程","0","7"
"城乡规划","0","7"
"森林保护","0","7"
"食品卫生与营养学","0","7"
"维医学","0","7"
"壮医学","0","7"
"哈医学","0","7"
"医学检验技术","0","7"
"医学实验技术","0","7"
"医学影像技术","0","7"
"口腔医学技术","0","7"
"卫生检验与检疫","0","7"
"房地产开发与管理","0","7"
"舞蹈表演","0","7"
"戏剧影视导演","0","7"
"环境设计","0","7"
"产品设计","0","7"
"服装与服饰设计","0","7"
"公共艺术","0","7"
"资源与环境经济学","0","7"
"商务经济学","0","7"
"能源经济","0","7"
"经济与金融","0","7"
"经济学与哲学","0","7"
"警卫学","0","7"
"涉外警务","0","7"
"国内安全保卫","0","7"
"警务指挥与战术","0","7"
"华文教育","0","7"
"运动康复","0","7"
"休闲体育","0","7"
"秘书学","0","7"
"网络与新媒体","0","7"
"数字出版","0","7"
"外国语言与外国历史","0","7"
"海洋资源与环境","0","7"
"古生物学","0","7"
"机械工艺技术","0","7"
"微机电系统工程","0","7"
"功能材料","0","7"
"纳米材料与技术","0","7"
"新能源材料与器件","0","7"
"能源与环境系统工程","0","7"
"新能源科学与工程","0","7"
"智能电网信息工程","0","7"
"光源与照明","0","7"
"电气工程与智能控制","0","7"
"电子封装技术","0","7"
"电波传播与天线","0","7"
"轨道交通信号与控制","0","7"
"电子与计算机工程","0","7"
"地理国情监测","0","7"
"资源循环科学与工程","0","7"
"能源化学工程","0","7"
"海洋油气工程","0","7"
"服装设计与工艺教育","0","7"
"交通设备与控制工程","0","7"
"救助与打捞工程","0","7"
"船舶电子电气工程","0","7"
"海洋工程与技术","0","7"
"海洋资源开发技术","0","7"
"飞行器质量与可靠性","0","7"
"飞行器适航技术","0","7"
"环保设备工程","0","7"
"水质科学与技术","0","7"
"假肢矫形工程","0","7"
"烹饪与营养教育","0","7"
"生物制药","0","7"
"抢险救援指挥与技术","0","7"
"火灾勘查","0","7"
"网络安全与执法","0","7"
"蜂学","0","7"
"眼视光医学","0","7"
"卫生监督","0","7"
"全球健康学","0","7"
"临床药学","0","7"
"药物分析","0","7"
"藏药学","0","7"
"蒙药学","0","7"
"中药制药","0","7"
"听力与言语康复学","0","7"
"保密管理","0","7"
"体育经济与管理","0","7"
"海关管理","0","7"
"交通管理","0","7"
"采购管理","0","7"
"标准化工程","0","7"
"质量管理工程","0","7"
"影视摄影与制作","0","7"
"书法学","0","7"
"中国画","0","7"
"艺术与科技","0","7"
"环境经济","0","7"
"知识产权法","0","7"
"欧洲事务与欧洲关系","0","7"
"东亚事务与东亚关系","0","7"
"高等教育管理","0","7"
"中国学","0","7"
"生物医学英语","0","7"
"僧加罗语","0","7"
"希伯莱语","0","7"
"捷克语—斯洛伐克语","0","7"
"塞尔维亚—克罗地亚语","0","7"
"塞尔维亚语—克罗地亚语","0","7"
"新媒体与信息网络","0","7"
"海洋管理","0","7"
"生物资源科学","0","7"
"生物安全","0","7"
"生物科学与生物技术","0","7"
"生物信息技术","0","7"
"工程机械","0","7"
"机械制造工艺教育","0","7"
"机械维修及检测技术教育","0","7"
"能源与资源工程","0","7"
"电气技术教育","0","7"
"电机电器智能化","0","7"
"信息与通信工程","0","7"
"微电子材料与器件","0","7"
"光电子材料与器件","0","7"
"信息物理工程","0","7"
"仿真科学与技术","0","7"
"传感网技术","0","7"
"建筑设施智能技术","0","7"
"建筑节能技术与工程","0","7"
"水资源与海洋工程","0","7"
"港口海岸及治河工程","0","7"
"数字印刷","0","7"
"总图设计与工业运输","0","7"
"交通信息与控制工程","0","7"
"航空器适航技术","0","7"
"环境监察","0","7"
"地球环境科学","0","7"
"医疗器械工程","0","7"
"农产品质量与安全","0","7"
"生物系统工程","0","7"
"科技防卫","0","7"
"数字游戏设计","0","7"
"特用作物教育","0","7"
"应用生物教育","0","7"
"植物资源工程","0","7"
"水产养殖教育","0","7"
"听力学","0","7"
"医学影像工程","0","7"
"特许经营管理","0","7"
"食品经济管理","0","7"
"农业经营管理教育","0","7"
"国防教育与管理","0","7"
"应急管理","0","7"
"作物生产技术","0","7"
"食用菌生产与加工","0","7"
"种子生产与经营","0","7"
"设施农业与装备","0","7"
"现代农业技术","0","7"
"休闲农业","0","7"
"生态农业技术","0","7"
"园艺技术","0","7"
"植物保护与检疫技术","0","7"
"茶树栽培与茶叶加工","0","7"
"中草药栽培技术","0","7"
"烟草栽培与加工","0","7"
"棉花加工与经营管理","0","7"
"农产品加工与质量检测","0","7"
"绿色食品生产与检验","0","7"
"农资营销与服务","0","7"
"农产品流通与管理","0","7"
"农业装备应用技术","0","7"
"农村经营管理","0","7"
"林业技术","0","7"
"森林资源保护","0","7"
"经济林培育与利用","0","7"
"野生植物资源保护与利用","0","7"
"野生动物资源保护与利用","0","7"
"森林生态旅游","0","7"
"森林防火指挥与通讯","0","7"
"自然保护区建设与管理","0","7"
"木工设备应用技术","0","7"
"木材加工技术","0","7"
"林业调查与信息处理","0","7"
"林业信息技术与管理","0","7"
"动物防疫与检疫","0","7"
"动物医学检验技术","0","7"
"宠物养护与驯导","0","7"
"实验动物技术","0","7"
"特种动物养殖","0","7"
"畜牧工程技术","0","7"
"蚕桑技术","0","7"
"草业技术","0","7"
"养蜂与蜂产品加工","0","7"
"畜牧业经济管理","0","7"
"水产养殖技术","0","7"
"海洋渔业技术","0","7"
"水生动物医学","0","7"
"渔业经济管理","0","7"
"国土资源调查与管理","0","7"
"地质调查与矿产普查","0","7"
"矿产地质与勘查","0","7"
"岩矿分析与鉴定","0","7"
"宝玉石鉴定与加工","0","7"
"煤田地质与勘查技术","0","7"
"工程地质勘查","0","7"
"钻探技术","0","7"
"矿山地质","0","7"
"地球物理勘探技术","0","7"
"地质灾害调查与防治","0","7"
"环境地质工程","0","7"
"岩土工程技术","0","7"
"摄影测量与遥感技术","0","7"
"测绘工程技术","0","7"
"测绘地理信息技术","0","7"
"地籍测绘与土地管理","0","7"
"矿山测量","0","7"
"测绘与地质工程技术","0","7"
"导航与位置服务","0","7"
"地图制图与数字传播技术","0","7"
"地理国情监测技术","0","7"
"国土测绘与规划","0","7"
"钻井技术","0","7"
"油气开采技术","0","7"
"油气储运技术","0","7"
"油气地质勘探技术","0","7"
"油田化学应用技术","0","7"
"石油工程技术","0","7"
"煤矿开采技术","0","7"
"矿井建设","0","7"
"矿山机电技术","0","7"
"矿井通风与安全","0","7"
"综合机械化采煤","0","7"
"选煤技术","0","7"
"煤炭深加工与利用","0","7"
"煤化分析与检验","0","7"
"煤层气采输技术","0","7"
"矿井运输与提升","0","7"
"金属与非金属矿开采技术","0","7"
"矿物加工技术","0","7"
"矿业装备维护技术","0","7"
"大气科学技术","0","7"
"大气探测技术","0","7"
"应用气象技术","0","7"
"防雷技术","0","7"
"环境监测与控制技术","0","7"
"农村环境保护","0","7"
"室内环境检测与控制技术","0","7"
"环境工程技术","0","7"
"环境信息技术","0","7"
"核与辐射检测防护技术","0","7"
"环境规划与管理","0","7"
"环境评价与咨询服务","0","7"
"污染修复与生态工程技术","0","7"
"清洁生产与减排技术","0","7"
"资源综合利用与管理技术","0","7"
"安全健康与环保","0","7"
"化工安全技术","0","7"
"救援技术","0","7"
"安全技术与管理","0","7"
"工程安全评价与监理","0","7"
"安全生产监测监控","0","7"
"职业卫生技术与管理","0","7"
"权籍信息化管理","0","7"
"机场电工技术","0","7"
"发电厂及电力系统","0","7"
"电力系统继电保护与自动化技术","0","7"
"水电站机电设备与自动化","0","7"
"电网监控技术","0","7"
"电力客户服务与管理","0","7"
"水电站与电力网","0","7"
"电源变换技术与应用","0","7"
"农业电气化技术","0","7"
"分布式发电与微电网技术","0","7"
"电厂热能动力装置","0","7"
"城市热能应用技术","0","7"
"核电站动力设备运行与维护","0","7"
"火电厂集控运行","0","7"
"电厂化学与环保技术","0","7"
"电厂热工自动化技术","0","7"
"风力发电工程技术","0","7"
"风电系统运行与维护","0","7"
"生物质能应用技术","0","7"
"光伏发电技术与应用","0","7"
"工业节能技术","0","7"
"节电技术与管理","0","7"
"太阳能光热技术与应用","0","7"
"农村能源与环境技术","0","7"
"黑色冶金技术","0","7"
"轧钢工程技术","0","7"
"钢铁冶金设备应用技术","0","7"
"金属材料质量检测","0","7"
"铁矿资源综合利用","0","7"
"有色冶金技术","0","7"
"有色冶金设备应用技术","0","7"
"金属压力加工","0","7"
"金属精密成型技术","0","7"
"材料工程技术","0","7"
"高分子材料工程技术","0","7"
"复合材料工程技术","0","7"
"非金属矿物材料技术","0","7"
"光伏材料制备技术","0","7"
"炭素加工技术","0","7"
"硅材料制备技术","0","7"
"橡胶工程技术","0","7"
"建筑材料工程技术","0","7"
"建筑材料检测技术","0","7"
"建筑装饰材料技术","0","7"
"建筑材料设备应用","0","7"
"新型建筑材料技术","0","7"
"建筑材料生产与管理","0","7"
"建筑设计","0","7"
"建筑装饰工程技术","0","7"
"古建筑工程技术","0","7"
"建筑室内设计","0","7"
"风景园林设计","0","7"
"建筑动画与模型制作","0","7"
"村镇建设与管理","0","7"
"城市信息化管理","0","7"
"地下与隧道工程技术","0","7"
"土木工程检测技术","0","7"
"建筑钢结构工程技术","0","7"
"建筑设备工程技术","0","7"
"供热通风与空调工程技术","0","7"
"建筑电气工程技术","0","7"
"建筑智能化工程技术","0","7"
"工业设备安装工程技术","0","7"
"消防工程技术","0","7"
"建设工程管理","0","7"
"建筑经济管理","0","7"
"建设项目信息化管理","0","7"
"建设工程监理","0","7"
"市政工程技术","0","7"
"城市燃气工程技术","0","7"
"给排水工程技术","0","7"
"环境卫生工程技术","0","7"
"房地产检测与估价","0","7"
"水文测报技术","0","7"
"水政水资源管理","0","7"
"水利工程","0","7"
"水利水电工程技术","0","7"
"水利水电工程管理","0","7"
"机电排灌工程技术","0","7"
"港口航道与治河工程","0","7"
"水务管理","0","7"
"水电站动力设备","0","7"
"水电站电气设备","0","7"
"水电站运行与管理","0","7"
"水利机电设备运行与管理","0","7"
"水土保持技术","0","7"
"水环境监测与治理","0","7"
"精密机械技术","0","7"
"特种加工技术","0","7"
"材料成型与控制技术","0","7"
"金属材料与热处理技术","0","7"
"铸造技术","0","7"
"锻压技术","0","7"
"焊接技术与自动化","0","7"
"机械产品检测检验技术","0","7"
"理化测试与质检技术","0","7"
"电机与电器技术","0","7"
"电线电缆制造技术","0","7"
"内燃机制造与维修","0","7"
"机械装备制造技术","0","7"
"工业工程技术","0","7"
"自动化生产设备应用","0","7"
"机电设备安装技术","0","7"
"机电设备维修与管理","0","7"
"数控设备应用与维护","0","7"
"制冷与空调技术","0","7"
"光电制造与应用技术","0","7"
"新能源装备技术","0","7"
"机电一体化技术","0","7"
"工业过程自动化技术","0","7"
"智能控制技术","0","7"
"工业网络技术","0","7"
"工业自动化仪表","0","7"
"液压与气动技术","0","7"
"电梯工程技术","0","7"
"工业机器人技术","0","7"
"铁道机车车辆制造与维护","0","7"
"铁道通信信号设备制造与维护","0","7"
"铁道施工和养路机械制造与维护","0","7"
"船舶机械工程技术","0","7"
"船舶电气工程技术","0","7"
"船舶舾装工程技术","0","7"
"船舶涂装工程技术","0","7"
"游艇设计与制造","0","7"
"海洋工程技术","0","7"
"船舶通信与导航","0","7"
"船舶动力工程技术","0","7"
"飞行器制造技术","0","7"
"飞行器维修技术","0","7"
"航空发动机制造技术","0","7"
"航空发动机装试技术","0","7"
"航空发动机维修技术","0","7"
"飞机机载设备制造技术","0","7"
"飞机机载设备维修技术","0","7"
"航空电子电气技术","0","7"
"航空材料精密成型技术","0","7"
"无人机应用技术","0","7"
"导弹维修","0","7"
"汽车制造与装配技术","0","7"
"汽车造型技术","0","7"
"汽车试验技术","0","7"
"汽车改装技术","0","7"
"新能源汽车技术","0","7"
"化工生物技术","0","7"
"药品生物技术","0","7"
"农业生物技术","0","7"
"生物产品检验检疫","0","7"
"石油炼制技术","0","7"
"石油化工技术","0","7"
"高分子合成技术","0","7"
"精细化工技术","0","7"
"海洋化工技术","0","7"
"工业分析技术","0","7"
"化工装备技术","0","7"
"化工自动化技术","0","7"
"涂装防护技术","0","7"
"烟花爆竹技术与管理","0","7"
"煤化工技术","0","7"
"高分子材料加工技术","0","7"
"制浆造纸技术","0","7"
"香料香精工艺","0","7"
"表面精饰工艺","0","7"
"家具设计与制造","0","7"
"化妆品技术","0","7"
"皮革加工技术","0","7"
"皮具制作与工艺","0","7"
"鞋类设计与工艺","0","7"
"乐器制造与维护","0","7"
"陶瓷制造工艺","0","7"
"包装工程技术","0","7"
"包装策划与设计","0","7"
"包装设备应用技术","0","7"
"食品包装技术","0","7"
"数字图文信息技术","0","7"
"印刷设备应用技术","0","7"
"印刷媒体设计与制作","0","7"
"印刷媒体技术","0","7"
"数字印刷技术","0","7"
"现代纺织技术","0","7"
"丝绸技术","0","7"
"染整技术","0","7"
"纺织机电技术","0","7"
"纺织品检验与贸易","0","7"
"纺织品设计","0","7"
"家用纺织品设计","0","7"
"纺织材料与应用","0","7"
"服装设计与工艺","0","7"
"皮革服装制作与工艺","0","7"
"服装陈列与展示设计","0","7"
"珠宝首饰技术与管理","0","7"
"食品药品监督管理","0","7"
"酿酒技术","0","7"
"食品贮运与营销","0","7"
"食品检测技术","0","7"
"食品营养与卫生","0","7"
"食品营养与检测","0","7"
"中药生产与加工","0","7"
"药品生产技术","0","7"
"兽药制药技术","0","7"
"药品质量与安全","0","7"
"制药设备应用技术","0","7"
"药品经营与管理","0","7"
"药品服务与管理","0","7"
"保健品开发与管理","0","7"
"化妆品经营与管理","0","7"
"粮食工程技术","0","7"
"粮油储藏与检测技术","0","7"
"铁道机车","0","7"
"铁道车辆","0","7"
"铁道供电技术","0","7"
"铁道工程技术","0","7"
"铁道机械化维修技术","0","7"
"铁道信号自动控制","0","7"
"铁道通信与信息化技术","0","7"
"铁道交通运营管理","0","7"
"铁路物流管理","0","7"
"铁路桥梁与隧道工程技术","0","7"
"高速铁道工程技术","0","7"
"高速铁路客运乘务","0","7"
"动车组检修技术","0","7"
"智能交通技术运用","0","7"
"道路桥梁工程技术","0","7"
"道路运输与路政管理","0","7"
"道路养护与管理","0","7"
"公路机械化施工技术","0","7"
"工程机械运用技术","0","7"
"交通运营管理","0","7"
"交通枢纽运营管理","0","7"
"汽车运用与维修技术","0","7"
"汽车车身维修技术","0","7"
"汽车运用安全管理","0","7"
"新能源汽车运用与维修","0","7"
"国际邮轮乘务管理","0","7"
"船舶电子电气技术","0","7"
"船舶检验","0","7"
"港口机械与自动控制","0","7"
"港口电气技术","0","7"
"港口与航道工程技术","0","7"
"港口与航运管理","0","7"
"港口物流管理","0","7"
"水上救捞技术","0","7"
"水路运输与海事管理","0","7"
"集装箱运输管理","0","7"
"民航通信技术","0","7"
"定翼机驾驶技术","0","7"
"直升机驾驶技术","0","7"
"民航空中安全保卫","0","7"
"机场运行","0","7"
"飞机机电设备维修","0","7"
"飞机电子设备维修","0","7"
"飞机部件修理","0","7"
"航空地面设备维修","0","7"
"机场场务技术与管理","0","7"
"航空油料","0","7"
"航空物流","0","7"
"通用航空器维修","0","7"
"通用航空航务技术","0","7"
"飞机结构修理","0","7"
"管道工程技术","0","7"
"管道运输管理","0","7"
"城市轨道交通车辆技术","0","7"
"城市轨道交通机电技术","0","7"
"城市轨道交通通信信号技术","0","7"
"城市轨道交通供配电技术","0","7"
"城市轨道交通工程技术","0","7"
"城市轨道交通运营管理","0","7"
"邮政通信管理","0","7"
"快递运营管理","0","7"
"微电子技术","0","7"
"智能产品开发","0","7"
"智能终端技术与应用","0","7"
"智能监控技术应用","0","7"
"汽车智能技术","0","7"
"电子产品质量检测","0","7"
"电子产品营销与服务","0","7"
"电子电路设计与工艺","0","7"
"电子制造技术与设备","0","7"
"电子测量技术与仪器","0","7"
"电子工艺与管理","0","7"
"声像工程技术","0","7"
"光电技术应用","0","7"
"光伏工程技术","0","7"
"光电显示技术","0","7"
"物联网应用技术","0","7"
"计算机系统与维护","0","7"
"软件与信息服务","0","7"
"动漫制作技术","0","7"
"嵌入式技术与应用","0","7"
"数字展示技术","0","7"
"数字媒体应用技术","0","7"
"信息安全与管理","0","7"
"移动应用开发","0","7"
"云计算技术与应用","0","7"
"电子商务技术","0","7"
"移动通信技术","0","7"
"通信系统运行管理","0","7"
"通信工程设计与监理","0","7"
"电信服务与管理","0","7"
"光通信技术","0","7"
"物联网工程技术","0","7"
"大数据技术与应用","0","7"
"医疗器械经营与管理","0","7"
"中医骨伤","0","7"
"针灸推拿","0","7"
"傣医学","0","7"
"护理","0","7"
"助产","0","7"
"维药学","0","7"
"医学生物技术","0","7"
"卫生检验与检疫技术","0","7"
"眼视光技术","0","7"
"放射治疗技术","0","7"
"呼吸治疗技术","0","7"
"康复治疗技术","0","7"
"言语听觉康复技术","0","7"
"中医康复技术","0","7"
"公共卫生管理","0","7"
"卫生信息管理","0","7"
"人口与家庭发展服务","0","7"
"生殖健康服务与管理","0","7"
"健康管理","0","7"
"医学营养","0","7"
"中医养生保健","0","7"
"心理咨询","0","7"
"医疗设备应用技术","0","7"
"精密医疗器械技术","0","7"
"医疗器械维护与管理","0","7"
"康复工程技术","0","7"
"康复辅助器具技术","0","7"
"假肢与矫形器技术","0","7"
"老年保健与管理","0","7"
"中小企业创业与经营","0","7"
"商务数据分析与应用","0","7"
"财政","0","7"
"资产评估与管理","0","7"
"政府采购管理","0","7"
"金融管理","0","7"
"国际金融","0","7"
"证券与期货","0","7"
"信托与租赁","0","7"
"投资与理财","0","7"
"农村金融","0","7"
"互联网金融","0","7"
"会计","0","7"
"审计","0","7"
"会计信息管理","0","7"
"信息统计与分析","0","7"
"统计与会计核算","0","7"
"服务外包","0","7"
"商务经纪与代理","0","7"
"商检技术","0","7"
"市场管理与服务","0","7"
"品牌代理经营","0","7"
"汽车营销与服务","0","7"
"广告策划与营销","0","7"
"茶艺与茶叶营销","0","7"
"移动商务","0","7"
"网络营销","0","7"
"物流工程技术","0","7"
"物流信息技术","0","7"
"物流金融管理","0","7"
"工程物流管理","0","7"
"冷链物流技术与管理","0","7"
"采购与供应管理","0","7"
"旅行社经营管理","0","7"
"景区开发与管理","0","7"
"休闲服务与管理","0","7"
"餐饮管理","0","7"
"烹调工艺与营养","0","7"
"营养配餐","0","7"
"中西面点工艺","0","7"
"西餐工艺","0","7"
"音乐传播","0","7"
"视觉传播设计与制作","0","7"
"数字媒体艺术设计","0","7"
"产品艺术设计","0","7"
"家具艺术设计","0","7"
"皮具艺术设计","0","7"
"室内艺术设计","0","7"
"展示艺术设计","0","7"
"公共艺术设计","0","7"
"雕刻艺术设计","0","7"
"包装艺术设计","0","7"
"陶瓷设计与工艺","0","7"
"刺绣设计与工艺","0","7"
"玉器设计与工艺","0","7"
"首饰设计与工艺","0","7"
"工艺美术品设计","0","7"
"动漫设计","0","7"
"游戏设计","0","7"
"美容美体艺术","0","7"
"摄影与摄像艺术","0","7"
"美术","0","7"
"表演艺术","0","7"
"戏剧影视表演","0","7"
"歌舞表演","0","7"
"曲艺表演","0","7"
"音乐剧表演","0","7"
"国际标准舞","0","7"
"模特与礼仪","0","7"
"现代流行音乐","0","7"
"作曲技术","0","7"
"音乐制作","0","7"
"钢琴伴奏","0","7"
"钢琴调律","0","7"
"戏曲导演","0","7"
"舞台艺术设计与制作","0","7"
"民族表演艺术","0","7"
"民族美术","0","7"
"民族服装与服饰","0","7"
"民族民居装饰","0","7"
"民族传统技艺","0","7"
"少数民族古籍修复","0","7"
"中国少数民族语言文化","0","7"
"文化创意与策划","0","7"
"文化市场经营管理","0","7"
"公共文化服务与管理","0","7"
"文物修复与保护","0","7"
"考古探掘技术","0","7"
"文物博物馆服务与管理","0","7"
"图书档案管理","0","7"
"图文信息处理","0","7"
"网络新闻与传播","0","7"
"版面编辑与校对","0","7"
"出版商务","0","7"
"出版与电脑编辑技术","0","7"
"出版信息管理","0","7"
"数字媒体设备管理","0","7"
"播音与主持","0","7"
"广播影视节目制作","0","7"
"广播电视技术","0","7"
"影视制片管理","0","7"
"影视编导","0","7"
"影视美术","0","7"
"影视多媒体技术","0","7"
"影视动画","0","7"
"影视照明技术与艺术","0","7"
"音像技术","0","7"
"录音技术与艺术","0","7"
"摄影摄像技术","0","7"
"传播与策划","0","7"
"媒体营销","0","7"
"电子竞技运动与管理","0","7"
"早期教育","0","7"
"生物教育","0","7"
"历史教育","0","7"
"音乐教育","0","7"
"舞蹈教育","0","7"
"现代教育技术","0","7"
"心理健康教育","0","7"
"汉语","0","7"
"旅游英语","0","7"
"应用日语","0","7"
"旅游日语","0","7"
"应用法语","0","7"
"应用德语","0","7"
"应用西班牙语","0","7"
"应用越南语","0","7"
"应用泰语","0","7"
"应用阿拉伯语","0","7"
"应用外语","0","7"
"文秘速录","0","7"
"运动防护","0","7"
"高尔夫球运动与管理","0","7"
"民族传统体育","50301","7"
"体育艺术表演","0","7"
"体育运营与管理","0","7"
"体育保健与康复","0","7"
"健身指导与管理","0","7"
"防火管理","0","7"
"边防检查","0","7"
"边境管理","0","7"
"特警","0","7"
"部队后勤管理","0","7"
"部队政治工作","0","7"
"参谋业务","0","7"
"抢险救援","0","7"
"刑事侦查","0","7"
"禁毒","0","7"
"司法助理","0","7"
"法律文秘","0","7"
"检察事务","0","7"
"刑事执行","0","7"
"民事执行","0","7"
"行政执行","0","7"
"司法警务","0","7"
"社区矫正","0","7"
"刑事侦查技术","0","7"
"安全防范技术","0","7"
"司法信息技术","0","7"
"司法鉴定技术","0","7"
"司法信息安全","0","7"
"罪犯心理测量与矫正技术","0","7"
"戒毒矫治技术","0","7"
"职务犯罪预防与控制","0","7"
"社会福利事业管理","0","7"
"青少年工作与管理","0","7"
"社区管理与服务","0","7"
"公共关系","0","7"
"民政管理","0","7"
"网络舆情监测","0","7"
"质量管理与认证","0","7"
"知识产权管理","0","7"
"老年服务与管理","0","7"
"家政服务与管理","0","7"
"婚庆服务与管理","0","7"
"社区康复","0","7"
"现代殡葬技术与管理","0","7"
"公益慈善事业管理","0","7"
"幼儿发展与健康管理","0","7"
"机电","0","7"
"机械设计","0","7"
"计算力学及数值仿真","0","7"
"计算力学","0","7"
"化工设计","0","7"
"汽车商务","0","7"
"信息管理和信息系统","0","7"
"狱政管理","0","7"
"机械","0","7"
"图像科学","0","7"
"信息与控制工程","0","7"
"机械电子","0","7"
"计算机图形学","0","7"
"中文","0","7"
"桥梁工程","0","7"
"法语语言学习","0","7"
"社会经济学","0","7"
"投融资管理","0","7"
"物理及应用物理","0","7"
"力学","0","7"
"马克思主义理论","0","7"
"视觉传达","0","7"
"电子信息","0","7"
"金融和投资管理","0","7"
"精细化工","0","7"
"学术英语","0","7"
"商业智能","0","7"
"信息系统","0","7"
"计算机科学与应用","0","7"
"工业会计","0","7"
"教育信息技术","0","7"
"播音主持艺术","0","7"
"计算机应用与维修","0","7"
"计算机软件开发","0","7"
"新闻业务","0","7"
"数控应用技术","0","7"
"采购与供应链管理","0","7"
"计算机工程","0","7"
"国际贸易","0","7"
"计算机技术","0","7"
"艺术管理","0","7"
"戏剧文学","0","7"
"石油化工","0","7"
"专用汽车","0","7"
"政策经济学","0","7"
"数学","0","7"
"金融","0","7"
"经济","0","7"
"计算机","0","7"
"政治管理学","0","7"
"公共政策","0","7"
"临床诊断","0","7"
"信息与计算科","0","7"
"计算机科学技术与应用","0","7"
"测控技术及仪器","0","7"
"仪器科学与技术","0","7"
"国际经济法","0","7"
"材料科学","0","7"
"计算机技术与应用","0","7"
"建筑与土木工程","0","7"
"数据信息技术","0","7"
"保险精算","0","7"
"经济数学","0","7"
"人工智能与模式识别","0","7"
"企业工商管理","0","7"
"国际审计","0","7"
"英语师范","0","7"
"经济政策","0","7"
"uid设计","0","7"
"军事情报","40114","7"
"侦查","13208","7"
"科技创新管理","0","7"
"英文","0","7"
"mpacc","0","7"
"游戏美术艺术设计与制作","0","7"
"business","0","7"
"食品生物","0","7"
"医药软件开发","0","7"
"计算机软件及应用","0","7"
"采购与供应链","0","7"
"组织变革管理学","0","7"
"陶瓷艺术设计","0","7"
"国际商业与管理","0","7"
"国际商业管理","0","7"
"模式识别与智能控制","0","7"
"工业电器自动化","0","7"
"交通运输与物流管理","0","7"
"园艺园林","0","7"
"机器学习","0","7"
"计算机与应用","0","7"
"控制科学与工程","0","7"
"电气工程及自动化","0","7"
"热加工工艺及设备","0","7"
"软件工程项目管理","0","7"
"材料工程","0","7"
"生物医用工程","0","7"
"信息与网络安全","0","7"
"电子设备运行与维修","0","7"
"导航制导与控制","0","7"
"人力资源","0","7"
"经济管理","0","7"
"自然语言信息处理","0","7"
"广告与装潢设计专业","0","7"
"计算机体系结构","0","7"
"媒体管理","0","7"
"林木生产教育","0","7"
"特用动物教育","0","7"
"农业机械教育","0","7"
"农业建筑与环境控制教育","0","7"
"制浆造纸工艺教育","0","7"
"印刷工艺教育","0","7"
"橡塑制品成型工艺教育","0","7"
"纺织工艺教育","0","7"
"染整工艺教育","0","7"
"化工工艺教育","0","7"
"化工分析与检测技术教育","0","7"
"建筑材料工程教育","0","7"
"装潢设计与工艺教育","0","7"
"影视教育","0","7"
"广播影视编导","0","7"
"照明艺术","0","7"
"会展艺术与技术","0","7"
"音乐科技与艺术","0","7"
"数字电影技术","0","7"
"地球物理学","0","7"
"核反应堆工程","0","7"
"核安全工程","0","7"
"公安学","0","7"
"史学理论及史学史","0","7"
"考古学及博物馆学","0","7"
"历史地理学","0","7"
"历史文献学","0","7"
"专门史","0","7"
"中国古代史","0","7"
"中国近现代史","0","7"
"城乡规划学","0","7"
"风景园林学","0","7"
"安全科学与工程","0","7"
"公安技术","0","7"
"网络空间安全","0","7"
"草学","0","7"
"特种医学","0","7"
"军队政治工作学","0","7"
"后方专业勤务","0","7"
"军事训练学","0","7"
"图书情报与档案管理","0","7"
"艺术学理论","0","7"
"音乐与舞蹈学","0","7"
"戏剧与影视学","0","7"
"设计学","0","7"
"热带作物生产技术","0","7"
"设施农业技术","0","7"
"现代农业","0","7"
"观光农业","0","7"
"都市园艺","0","7"
"设施园艺工程","0","7"
"植物检疫","0","7"
"茶叶生产加工技术","0","7"
"药用植物栽培加工","0","7"
"烟草栽培技术","0","7"
"农产品质量检测","0","7"
"农产品加工与品质管理","0","7"
"绿色食品生产与经营","0","7"
"都市农业装备应用技术","0","7"
"茶艺","0","7"
"商品花卉","0","7"
"城市园林","0","7"
"经济林栽培与产品加工技术","0","7"
"野生植物资源开发与利用","0","7"
"野生动物保护","0","7"
"木材工业机械应用技术","0","7"
"人造板自动化生产技术","0","7"
"林业信息技术","0","7"
"森林采运工程","0","7"
"森林工程技术","0","7"
"林副新产品加工","0","7"
"园林建筑","0","7"
"林产化工技术","0","7"
"家具卖场设计与管理","0","7"
"高尔夫场地管理","0","7"
"畜牧","0","7"
"养禽与禽病防治","0","7"
"猪生产与疾病防制","0","7"
"猪生产技术","0","7"
"动物科学与技术","0","7"
"草食动物生产与疫病防制","0","7"
"运动马驯养与管理","0","7"
"兽医","0","7"
"宠物医学","0","7"
"兽医医药","0","7"
"动物医药","0","7"
"宠物药学","0","7"
"动物医学检验","0","7"
"宠物医疗与保健","0","7"
"宠物护理与美容","0","7"
"宠物训导与保健","0","7"
"宠物养护与疫病防治","0","7"
"实验动物养殖","0","7"
"草原保护与利用","0","7"
"现代畜牧业经营管理","0","7"
"兽药生产与营销","0","7"
"水生动植物保护","0","7"
"城市渔业","0","7"
"海洋捕捞技术","0","7"
"特种水产养殖与疾病防治","0","7"
"农业技术与管理","0","7"
"农村行政与经济管理","0","7"
"林业经济信息管理","0","7"
"林业信息工程与管理","0","7"
"都市林业资源与林政管理","0","7"
"数字林业科技","0","7"
"渔业资源与渔政管理","0","7"
"农村行政管理","0","7"
"公路工程造价管理","0","7"
"公路监理","0","7"
"交通安全与智能控制","0","7"
"公路工程管理","0","7"
"公路工程检测技术","0","7"
"道桥工程检测技术","0","7"
"桥隧检测与加固工程技术","0","7"
"公路运输与管理","0","7"
"路政管理","0","7"
"高等级公路维护与管理","0","7"
"工程机械控制技术","0","7"
"工程机械运用与维护","0","7"
"工程机械技术服务与营销","0","7"
"工程机械载运装备技术","0","7"
"交通运输安全管理技术","0","7"
"汽车运用技术","0","7"
"电气化铁道技术","0","7"
"国际工程施工技术","0","7"
"高速铁路信号控制","0","7"
"铁道通信信号","0","7"
"铁道信息技术与应用","0","7"
"铁道运输经济","0","7"
"高速铁道技术","0","7"
"高速铁路工程及维护技术","0","7"
"高速铁路动车乘务","0","7"
"高速动车组驾驶与维修","0","7"
"动车组技术","0","7"
"高速动车组驾驶","0","7"
"高速动车组检修技术","0","7"
"城市轨道交通车辆","0","7"
"城市轨道交通控制","0","7"
"船机制造与维修","0","7"
"船舶舾装","0","7"
"游艇维修技术","0","7"
"国际邮轮乘务","0","7"
"航道工程技术","0","7"
"国际航运业务管理","0","7"
"水运管理","0","7"
"飞机制造技术","0","7"
"航天器制造技术","0","7"
"飞机维修","0","7"
"航空发动机装配与试车","0","7"
"民航商务","0","7"
"航空通信技术","0","7"
"航空港安全检查","0","7"
"航空保安","0","7"
"航空港管理","0","7"
"飞机控制设备与仪表","0","7"
"航空电子信息技术","0","7"
"民航特种车辆维修","0","7"
"航空油料管理和应用","0","7"
"空中交通管理","0","7"
"航空会展","0","7"
"港口物流设备与自动控制","0","7"
"港口机械应用技术","0","7"
"港口工程技术","0","7"
"港口业务管理","0","7"
"管道工程施工","0","7"
"生物技术及应用","0","7"
"微生物技术及应用","0","7"
"生物实验技术","0","7"
"生物化工工艺","0","7"
"生化分析检测","0","7"
"天然产物提取技术及应用","0","7"
"生物信息技术与应用","0","7"
"化纤生产技术","0","7"
"有机化工生产技术","0","7"
"火工工艺技术","0","7"
"炼油技术","0","7"
"石油化工生产技术","0","7"
"高聚物生产技术","0","7"
"海洋化工生产技术","0","7"
"工业分析与检验","0","7"
"工业分析与质量管理","0","7"
"油品分析","0","7"
"化工设备维修技术","0","7"
"化工设备与机械","0","7"
"涂装防护工艺","0","7"
"花炮生产与管理","0","7"
"烟花爆竹安全与质量技术","0","7"
"民用爆破器材技术","0","7"
"化妆品技术与管理","0","7"
"生物制药技术","0","7"
"生化制药技术","0","7"
"药物制剂技术","0","7"
"中药制药技术","0","7"
"苗侗药物生产与应用技术","0","7"
"药物分析技术","0","7"
"药品质量检测技术","0","7"
"化妆品营销与使用技术","0","7"
"技术监督与商检","0","7"
"国土资源调查","0","7"
"国土资源信息技术","0","7"
"区域地质调查及矿产普查","0","7"
"金属矿产地质与勘查技术","0","7"
"铀矿地质与勘查技术","0","7"
"非金属矿产地质与勘查技术","0","7"
"岩矿分析与鉴定技术","0","7"
"宝玉石鉴定与加工技术","0","7"
"宝玉石鉴定与营销","0","7"
"珠宝鉴定与营销","0","7"
"水文地质与勘查技术","0","7"
"油气地质与勘查技术","0","7"
"矿山资源开发与管理","0","7"
"地质信息技术","0","7"
"地球化学勘查技术","0","7"
"地球物理勘查技术","0","7"
"地球物理测井技术","0","7"
"地质灾害与防治技术","0","7"
"环境地质工程技术","0","7"
"工程地震与工程勘察","0","7"
"矿山机电","0","7"
"煤层气抽采技术","0","7"
"金属矿开采技术","0","7"
"非金属矿开采技术","0","7"
"固体矿床露天开采技术","0","7"
"沙矿床开采技术","0","7"
"采矿工程技术","0","7"
"数字矿山技术","0","7"
"矿物资源技术","0","7"
"矿山安全技术与监察","0","7"
"冶金工艺与设备","0","7"
"天然气开采技术","0","7"
"井下作业技术","0","7"
"石油与天然气地质勘探技术","0","7"
"油气藏分析技术","0","7"
"瓦斯综合利用技术","0","7"
"煤质分析技术","0","7"
"选矿技术","0","7"
"尾矿设施工程与管理","0","7"
"选矿机电技术","0","7"
"煤化工生产技术","0","7"
"工程测量与监理","0","7"
"测绘与地理信息技术","0","7"
"大地测量与卫星定位技术","0","7"
"地理信息系统与地图制图技术","0","7"
"地籍测绘与土地管理信息技术","0","7"
"钢铁冶炼技术","0","7"
"冶金技术","0","7"
"轧钢技术","0","7"
"钒钛资源利用技术","0","7"
"粉末冶金技术","0","7"
"高分子材料应用技术","0","7"
"复合材料加工与应用技术","0","7"
"无机非金属材料工程技术","0","7"
"光伏材料加工与应用技术","0","7"
"光伏材料生产技术","0","7"
"硅材料技术","0","7"
"橡胶工艺与应用技术","0","7"
"建筑装饰材料及检测","0","7"
"石材开发与应用","0","7"
"磨料磨具制造","0","7"
"反应堆及加速器技术","0","7"
"核能发电技术及应用","0","7"
"热工检测及控制技术","0","7"
"工业热工控制技术","0","7"
"风能与动力技术","0","7"
"风力发电设备及电网自动化","0","7"
"新能源应用技术","0","7"
"新能源发电技术","0","7"
"光伏发电技术及应用","0","7"
"工业节能管理","0","7"
"建筑新能源工程技术","0","7"
"节能工程技术","0","7"
"太阳能光热技术及应用","0","7"
"太阳能应用技术","0","7"
"化学电源技术及应用","0","7"
"高电压技术","0","7"
"输变电工程技术","0","7"
"电力系统继电保护与自动化","0","7"
"用电管理","0","7"
"小型水电站及电力网","0","7"
"电力电子技术","0","7"
"农村电气化技术","0","7"
"电厂设备运行与维护","0","7"
"核电站动力装置","0","7"
"核电站设备运行与维护","0","7"
"电厂化学","0","7"
"风电系统运行维护与检修技术","0","7"
"太阳能光电应用技术","0","7"
"电力工程技术","0","7"
"建筑设计技术","0","7"
"中国古建筑工程技术","0","7"
"室内设计技术","0","7"
"建筑动画设计与制作","0","7"
"城镇艺术设计","0","7"
"城镇规划","0","7"
"城镇建设","0","7"
"城市管理与监察","0","7"
"地下工程与隧道工程技术","0","7"
"基础工程技术","0","7"
"盾构施工技术","0","7"
"混凝土构件工程技术","0","7"
"光伏建筑一体化技术与应用","0","7"
"高尔夫球场建造与维护","0","7"
"供热通风与卫生工程技术","0","7"
"楼宇智能化工程技术","0","7"
"机电安装工程","0","7"
"建筑工程质量与安全技术管理","0","7"
"电力工程管理","0","7"
"建筑工程项目管理","0","7"
"工程招标采购与投标管理","0","7"
"国际工程造价","0","7"
"安装工程造价","0","7"
"建筑材料供应与管理","0","7"
"建筑信息管理","0","7"
"工程质量监督与管理","0","7"
"工程商务","0","7"
"建筑水电技术","0","7"
"给排水与环境工程技术","0","7"
"水工业技术","0","7"
"房地产经营与估价","0","7"
"物业设施管理","0","7"
"酒店物业管理","0","7"
"水文与水资源","0","7"
"水文自动化测报技术","0","7"
"水信息技术","0","7"
"水利工程造价管理","0","7"
"水利水电工程造价管理","0","7"
"水利工程监理","0","7"
"农业水利技术","0","7"
"农业水利工程技术","0","7"
"水利工程实验与检测技术","0","7"
"灌溉与排水技术","0","7"
"河务工程与管理","0","7"
"水电站设备与管理","0","7"
"水电站动力设备与管理","0","7"
"机电排灌设备与管理","0","7"
"防沙治沙工程","0","7"
"水环境监测与分析","0","7"
"铝加工技术","0","7"
"钢结构建造技术","0","7"
"阀门设计与制造","0","7"
"起重运输机械设计与制造","0","7"
"计算机辅助设计与制造","0","7"
"武器制造技术","0","7"
"机械制造工艺及设备","0","7"
"激光加工技术","0","7"
"金属制品加工技术","0","7"
"锻造与冲压","0","7"
"机械质量管理与检测技术","0","7"
"焊接质量检测技术","0","7"
"低压电器制造及应用","0","7"
"农业机械制造与装配","0","7"
"智能化农机装备技术","0","7"
"服装机械及其自动化","0","7"
"机械制造生产管理","0","7"
"产品质量控制及生产管理","0","7"
"光电制造技术","0","7"
"风力发电设备制造与安装","0","7"
"风能发电设备制造与维修","0","7"
"动车制造技术","0","7"
"飞行器制造工艺","0","7"
"航空机械制造与自动化","0","7"
"锁具设计与工艺","0","7"
"乐器修造技术","0","7"
"乐器制造技术","0","7"
"丝网工程技术","0","7"
"药剂设备制造与维护","0","7"
"玩具设计与制造","0","7"
"医疗器械制造与维护","0","7"
"假肢与矫形器设计与制造","0","7"
"检测技术及应用","0","7"
"包装自动化技术","0","7"
"电气测控技术","0","7"
"电气工程技术","0","7"
"生产过程自动化技术","0","7"
"计算机控制技术","0","7"
"集散控制系统应用与维护技术","0","7"
"低空无人机操控技术","0","7"
"玩具质量检验与管理","0","7"
"油田自动化技术","0","7"
"冶金设备应用与维护","0","7"
"机床再制造技术","0","7"
"起重运输机械应用与维修","0","7"
"设备安装技术","0","7"
"光机电应用技术","0","7"
"电气设备应用与维护","0","7"
"电梯维护与管理","0","7"
"冶金动力工程","0","7"
"铁路工程机械","0","7"
"放射治疗技术及设备","0","7"
"医学影像设备管理与维护","0","7"
"医疗电子工程","0","7"
"医用电子仪器与维护","0","7"
"医用治疗设备应用技术","0","7"
"医学检验仪器管理与维护","0","7"
"农业机械应用技术","0","7"
"摩托车制造与维修","0","7"
"新能源汽车维修技术","0","7"
"汽摩零部件制造","0","7"
"汽车运用与维修","0","7"
"汽车整形技术","0","7"
"汽车营销与维修","0","7"
"汽车服务与管理","0","7"
"二手车鉴定与评估","0","7"
"汽车定损与评估","0","7"
"建筑可视化设计与制作","0","7"
"智能监控技术","0","7"
"数据库管理与开发","0","7"
"下一代网络技术及应用","0","7"
"网络施工与管理","0","7"
"计算机系统维护","0","7"
"计算机硬件与外设","0","7"
"网络软件开发技术","0","7"
"网站规划与开发技术","0","7"
"游戏软件","0","7"
"软件测试技术","0","7"
"医用软件与网络技术","0","7"
"软件外包服务","0","7"
"信息技术开发与服务","0","7"
"动漫设计与制作","0","7"
"数码音效设计","0","7"
"网络数字媒体","0","7"
"计算机音乐制作","0","7"
"广告媒体开发","0","7"
"图形图像制作","0","7"
"三维动画设计","0","7"
"计算机网络安全与管理","0","7"
"计算机网络与安全管理","0","7"
"数据通信与网络系统","0","7"
"航空计算机技术与应用","0","7"
"计算机辅助翻译","0","7"
"无损检测技术","0","7"
"无线电技术","0","7"
"新能源电子技术","0","7"
"单片机与应用电子技术","0","7"
"图文信息技术","0","7"
"信息技术应用","0","7"
"电子信息技术及产品营销","0","7"
"电子设备与运行管理","0","7"
"飞行器电子装配技术","0","7"
"电子组装技术与设备","0","7"
"电子仪器仪表与维修","0","7"
"测控仪器与仪表","0","7"
"电子声像技术","0","7"
"音响工程","0","7"
"光电子技术","0","7"
"电光源技术","0","7"
"半导体照明技术与应用","0","7"
"光伏应用技术","0","7"
"光伏产品检测技术","0","7"
"液晶显示与光电技术","0","7"
"智能手机软件应用技术","0","7"
"嵌入式系统工程","0","7"
"广播电视网络技术","0","7"
"有线电视工程技术","0","7"
"计算机速录","0","7"
"邮政通信","0","7"
"移动互联网应用技术","0","7"
"智能电网技术","0","7"
"程控交换技术","0","7"
"手机检测与维护","0","7"
"无线网络优化","0","7"
"卫星数字技术","0","7"
"通信网络与设备","0","7"
"通信工程设计与施工","0","7"
"通信工程监理","0","7"
"通信工程设计与管理","0","7"
"呼叫中心服务与管理","0","7"
"电信商务","0","7"
"移动通信运营与服务","0","7"
"通信线路","0","7"
"光纤通信","0","7"
"城市检测与工程技术","0","7"
"城市水净化技术","0","7"
"环境监测与减排技术","0","7"
"环境监测与评价","0","7"
"农业环境保护技术","0","7"
"室内检测与控制技术","0","7"
"环境监测与治理技术","0","7"
"核辐射检测与防护技术","0","7"
"资源环境与城市管理","0","7"
"水环境监测与保护","0","7"
"高空气象探测技术","0","7"
"生态与农业气象技术","0","7"
"海上救捞技术","0","7"
"化工生产安全技术","0","7"
"安全技术管理","0","7"
"安全控制技术","0","7"
"工业环保与安全技术","0","7"
"信息技术与地球物理","0","7"
"城市应急救援辅助决策技术","0","7"
"移动互联应用技术","0","7"
"皮革制品设计与工艺","0","7"
"棉花检验加工与经营","0","7"
"鞋类与皮具设计","0","7"
"新型纺织机电技术","0","7"
"染织艺术设计","0","7"
"服用材料设计与应用","0","7"
"针织品工艺与贸易","0","7"
"服装制版与工艺","0","7"
"服装设计与加工","0","7"
"服装养护技术","0","7"
"服装营销与管理","0","7"
"食品机械与管理","0","7"
"发酵技术","0","7"
"乳品工艺","0","7"
"食品工艺技术","0","7"
"畜产品加工与检测","0","7"
"农畜特产品加工","0","7"
"马铃薯生产加工","0","7"
"制糖生产技术与管理","0","7"
"食品加工及管理","0","7"
"功能性食品生产技术","0","7"
"黄酒酿造","0","7"
"葡萄酒生产与营销","0","7"
"食品质量与安全监管","0","7"
"食品工艺与营销","0","7"
"食品卫生检验","0","7"
"食品分析与检验","0","7"
"食品检测及管理","0","7"
"食品工艺与检测","0","7"
"肉品加工与检测","0","7"
"营养与食品卫生","0","7"
"营养与配餐","0","7"
"包装技术与设计","0","7"
"印刷图文信息处理","0","7"
"印刷设备及工艺","0","7"
"印刷技术","0","7"
"丝网工艺","0","7"
"轻工产品包装装潢设计","0","7"
"出版与发行","0","7"
"电子出版技术","0","7"
"金融与证券","0","7"
"证券投资与管理","0","7"
"保险实务","0","7"
"医疗保险实务","0","7"
"机动车保险实务","0","7"
"金融保险","0","7"
"农村合作金融","0","7"
"边境贸易","0","7"
"产权交易与实务","0","7"
"村镇银行经营管理","0","7"
"物流园区金融管理","0","7"
"国际航运保险与公估","0","7"
"国际保险服务","0","7"
"成本管理与控制","0","7"
"会计与审计","0","7"
"审计实务","0","7"
"财务信息管理","0","7"
"统计实务","0","7"
"会计与统计核算","0","7"
"卫生财会统计","0","7"
"合作社经营管理","0","7"
"商务信息管理","0","7"
"营销与策划","0","7"
"广告经营与管理","0","7"
"茶叶评审与营销","0","7"
"速递服务与管理","0","7"
"拍卖与典当管理","0","7"
"企业资源计划管理","0","7"
"工商行政管理","0","7"
"创业管理","0","7"
"客户服务管理","0","7"
"国际工程物流管理","0","7"
"采购供应管理","0","7"
"招商管理","0","7"
"公共卫生","0","7"
"中西医结合","0","7"
"涉外护理","0","7"
"中药鉴定与质量检测技术","0","7"
"现代中药技术","0","7"
"中药","0","7"
"制药设备管理与维护","0","7"
"医疗美容技术","0","7"
"中医保健康复技术","0","7"
"医疗仪器维修技术","0","7"
"临床工程技术","0","7"
"苗侗康复治疗技术","0","7"
"医学文秘","0","7"
"旅游服务与管理","0","7"
"历史文化旅游","0","7"
"涉外旅游","0","7"
"英语导游","0","7"
"邮轮服务与管理","0","7"
"休闲旅游","0","7"
"旅游传媒","0","7"
"焙烤食品加工技术","0","7"
"餐饮食品安全","0","7"
"食品加工与营养配餐","0","7"
"餐饮管理与服务","0","7"
"中西点工艺与营养","0","7"
"体育场馆管理","0","7"
"妇女工作与管理","0","7"
"涉外事务管理","0","7"
"国土资源管理","0","7"
"灾害救援与管理","0","7"
"安全服务与管理","0","7"
"客运站务管理","0","7"
"社会救助","0","7"
"劳动关系管理","0","7"
"电子政务","0","7"
"国际质量管理体系认证","0","7"
"人防与应急管理","0","7"
"保安保卫管理","0","7"
"戒毒康复","0","7"
"康复辅助器具应用与服务","0","7"
"传媒策划","0","7"
"手语翻译","0","7"
"职业中介服务","0","7"
"网络舆情分析","0","7"
"家政服务","0","7"
"家政管理","0","7"
"现代殡仪技术与管理","0","7"
"科技成果中介服务","0","7"
"幼儿保育","0","7"
"古玩艺术品投资管理","0","7"
"茶文化","0","7"
"文化市场经营与管理","0","7"
"文化艺术管理","0","7"
"文化事业管理","0","7"
"文物鉴定与修复","0","7"
"书法教育","0","7"
"应用泰国语","0","7"
"应用外国语","0","7"
"应用蒙古语","0","7"
"应用意大利语","0","7"
"应用缅甸语","0","7"
"应用柬埔寨语","0","7"
"应用老挝语","0","7"
"应用葡萄牙语","0","7"
"应用荷兰语","0","7"
"应用印尼语","0","7"
"应用波斯语","0","7"
"应用马来语","0","7"
"人群康复","0","7"
"幼教保育","0","7"
"初等教育","0","7"
"综合文科教育","0","7"
"综合理科教育","0","7"
"计算机教育","0","7"
"心理咨询与心理健康教育","0","7"
"教育管理","0","7"
"俄语教育","0","7"
"实验管理与教学","0","7"
"幼儿园管理","0","7"
"音乐舞蹈教育","0","7"
"儿童康复","0","7"
"竞技体育","0","7"
"自行车运动与推广","0","7"
"棋艺","0","7"
"运动休闲服务与管理","0","7"
"高尔夫球场服务与管理","0","7"
"高尔夫服务与管理","0","7"
"高尔夫运动技术与管理","0","7"
"高尔夫俱乐部商务管理","0","7"
"太极拳","0","7"
"武术","0","7"
"体育艺术","0","7"
"体育保健","0","7"
"健身运动与管理","0","7"
"听力语言康复技术","0","7"
"音乐康复技术","0","7"
"室内装饰设计","0","7"
"出版印刷美术设计","0","7"
"数字展示","0","7"
"数字城市技术","0","7"
"应用艺术设计","0","7"
"视觉传达艺术设计","0","7"
"视觉设计","0","7"
"广告与装潢设计","0","7"
"广告与会展","0","7"
"多媒体设计与制作","0","7"
"数字空间艺术","0","7"
"数字媒体设计与制作","0","7"
"产品造型设计","0","7"
"钟表设计","0","7"
"眼镜设计","0","7"
"灯具设计与工艺","0","7"
"游艇装饰设计与工艺","0","7"
"家具设计","0","7"
"雕刻艺术与家具设计","0","7"
"皮具设计","0","7"
"时装设计","0","7"
"展览展示艺术设计","0","7"
"展示设计","0","7"
"会展艺术设计","0","7"
"装饰艺术设计","0","7"
"雕塑艺术设计","0","7"
"景观设计","0","7"
"雕刻艺术与工艺","0","7"
"木雕设计与制作","0","7"
"湘绣设计与营销","0","7"
"湘绣设计与工艺","0","7"
"玉雕艺术设计与制作","0","7"
"珠宝首饰工艺及鉴定","0","7"
"首饰设计","0","7"
"工艺美术品设计与制作","0","7"
"旅游工艺品设计与制作","0","7"
"工艺绘画","0","7"
"动画设计","0","7"
"游戏设计与制作","0","7"
"服装表演与设计","0","7"
"舞台艺术设计","0","7"
"书画鉴定","0","7"
"影视制作","0","7"
"商务形象传播","0","7"
"乐器维修技术","0","7"
"乐器维护服务","0","7"
"非物质文化遗产保护传统表演艺术","0","7"
"影视表演","0","7"
"杂技表演","0","7"
"编导","0","7"
"武术艺术表演","0","7"
"影视广告","0","7"
"交互媒体设计","0","7"
"数字传媒艺术","0","7"
"网络新闻与编辑","0","7"
"主持与播音","0","7"
"电视节目制作","0","7"
"剪辑","0","7"
"电视制片管理","0","7"
"舞台影视技术","0","7"
"影视灯光艺术","0","7"
"电视摄像","0","7"
"新闻与传播","0","7"
"信息传播与策划","0","7"
"传媒策划与管理","0","7"
"现代传播","0","7"
"网络与新媒体传播","0","7"
"媒体营销技术","0","7"
"社区警务","0","7"
"民爆公共安全","0","7"
"安全保卫","0","7"
"监所管理","0","7"
"警卫","0","7"
"边防船艇指挥","0","7"
"边防通信指挥","0","7"
"船艇动力管理","0","7"
"船艇技术","0","7"
"边防机要","0","7"
"部队财务会计","0","7"
"书记官","0","7"
"经济法律事务","0","7"
"人民调解员","0","7"
"海关国际法律条约与公约","0","7"
"法律服务管理","0","7"
"民事调解","0","7"
"监狱管理","0","7"
"劳教管理","0","7"
"安全技术与文秘","0","7"
"涉毒人员矫治","0","7"
"应用法制心理技术","0","7"
"司法会计","0","7"
"热加工工艺及设计","0","7"
"计算机科学与信息","0","7"
"应用物流","0","7"
"监狱信息技术与应用","0","7"
"新闻传播学","0","7"
"应用经济学","0","7"
"中国商贸学","0","7"
"资讯系统管理学","0","7"
"市场学","0","7"
"信息与技术科学","0","7"
"国际经济和贸易","0","7"
"韩语","0","7"
"三维美术专业","0","7"
"软件开发与项目管理","0","7"
"航空宇航与科学","0","7"
"计算科学与技术","0","7"
"民商法","0","7"
"企业管理与资本运营","0","7"
"软件","0","7"
"自然语言处理","0","7"
"邮电管理工程","0","7"
"暖通工程","0","7"
"工业装备与控制工程","0","7"
"编辑出版","0","7"
"城市经济学","0","7"
"机械与自动化","0","7"
"图形图象制作","0","7"
"能源动力系统及其自动化","0","7"
"技术经济与管理","0","7"
"电脑美术设计","0","7"
"空乘","0","7"
"数据挖掘","0","7"
"整合营销传播","0","7"
"音视频处理","0","7"
"控制工程","0","7"
"信息系统与运营管理","0","7"
"生命科学","0","7"
"计算机应用与管理","0","7"
"电子信息科学","0","7"
"文秘及办公自动化","0","7"
"统计数学","0","7"
"人机交互","0","7"
"通讯工程","0","7"
"市场营销学","0","7"
"传媒学","0","7"
"通信与信息工程学","0","7"
"工商金融","0","7"
"信息科学","0","7"
"平面设计","0","7"
"创新管理","0","7"
"数控设计","0","7"
"经管","0","7"
"电子科技信息技术","","7"
"网络技术与信息管理","","7"
"财务与金融","","7"
"金融与会计","","7"
"新能源工程","","7"
"电子精密机械","","7"
"通信系统管理","","7"
"可靠性与系统工程","0","7"
"工业自动化","0","7"
"品牌传播","0","7"
"财务","0","7"
"计算机科技理学","0","7"
"酒店及旅游管理","0","7"
"机械设计制造机器自动化","0","7"
"大数据与用户体验心理学","0","7"
"定量分析","0","7"
"物理电子","0","7"
"现代文学","0","7"
"凝聚态物理计算物理","0","7"
"供热通风与空调工程","0","7"
"建筑施工","0","7"
"电子通信工程","0","7"
"营销心理学","0","7"
"流行病学","0","7"
"生物医药","0","7"
"计量经济学","0","7"
"光电技术","0","7"
"旅游酒店管理","0","7"
